2025/09/11 08:30:59 Using SQLite database for development
2025/09/11 08:30:59 Database connected successfully
2025/09/11 08:30:59 Running database migrations...

2025/09/11 08:30:59 [32m/mnt/d/暑期项目/HorizonCloudService-main/services/file-service/cmd/main.go:277
[0m[33m[0.024ms] [34;1m[rows:-][0m SELECT count(*) FROM sqlite_master WHERE type='table' AND name="file_folders"

2025/09/11 08:30:59 [32m/mnt/d/暑期项目/HorizonCloudService-main/services/file-service/cmd/main.go:277
[0m[33m[0.522ms] [34;1m[rows:10][0m SELECT sql FROM sqlite_master WHERE type IN ("table","index") AND tbl_name = "file_folders" AND sql IS NOT NULL order by type = "table" desc

2025/09/11 08:30:59 [32m/mnt/d/暑期项目/HorizonCloudService-main/services/file-service/cmd/main.go:277
[0m[33m[0.021ms] [34;1m[rows:-][0m SELECT * FROM `file_folders` LIMIT 1

2025/09/11 08:30:59 [32m/mnt/d/暑期项目/HorizonCloudService-main/services/file-service/cmd/main.go:277
[0m[33m[0.016ms] [34;1m[rows:-][0m SELECT count(*) FROM sqlite_master WHERE type = "index" AND tbl_name = "file_folders" AND name = "idx_file_folders_deleted_at"

2025/09/11 08:30:59 [32m/mnt/d/暑期项目/HorizonCloudService-main/services/file-service/cmd/main.go:277
[0m[33m[0.019ms] [34;1m[rows:-][0m SELECT count(*) FROM sqlite_master WHERE type = "index" AND tbl_name = "file_folders" AND name = "idx_file_folders_name"

2025/09/11 08:30:59 [32m/mnt/d/暑期项目/HorizonCloudService-main/services/file-service/cmd/main.go:277
[0m[33m[0.017ms] [34;1m[rows:-][0m SELECT count(*) FROM sqlite_master WHERE type = "index" AND tbl_name = "file_folders" AND name = "idx_file_folders_path"

2025/09/11 08:30:59 [32m/mnt/d/暑期项目/HorizonCloudService-main/services/file-service/cmd/main.go:277
[0m[33m[0.015ms] [34;1m[rows:-][0m SELECT count(*) FROM sqlite_master WHERE type = "index" AND tbl_name = "file_folders" AND name = "idx_file_folders_parent_id"

2025/09/11 08:30:59 [32m/mnt/d/暑期项目/HorizonCloudService-main/services/file-service/cmd/main.go:277
[0m[33m[0.020ms] [34;1m[rows:-][0m SELECT count(*) FROM sqlite_master WHERE type = "index" AND tbl_name = "file_folders" AND name = "idx_file_folders_level"

2025/09/11 08:30:59 [32m/mnt/d/暑期项目/HorizonCloudService-main/services/file-service/cmd/main.go:277
[0m[33m[0.018ms] [34;1m[rows:-][0m SELECT count(*) FROM sqlite_master WHERE type = "index" AND tbl_name = "file_folders" AND name = "idx_file_folders_materialized_path"

2025/09/11 08:30:59 [32m/mnt/d/暑期项目/HorizonCloudService-main/services/file-service/cmd/main.go:277
[0m[33m[0.017ms] [34;1m[rows:-][0m SELECT count(*) FROM sqlite_master WHERE type = "index" AND tbl_name = "file_folders" AND name = "idx_file_folders_user_id"

2025/09/11 08:30:59 [32m/mnt/d/暑期项目/HorizonCloudService-main/services/file-service/cmd/main.go:277
[0m[33m[0.017ms] [34;1m[rows:-][0m SELECT count(*) FROM sqlite_master WHERE type = "index" AND tbl_name = "file_folders" AND name = "idx_file_folders_status"

2025/09/11 08:30:59 [32m/mnt/d/暑期项目/HorizonCloudService-main/services/file-service/cmd/main.go:277
[0m[33m[0.017ms] [34;1m[rows:-][0m SELECT count(*) FROM sqlite_master WHERE type = "index" AND tbl_name = "file_folders" AND name = "idx_file_folders_is_shared"

2025/09/11 08:30:59 [32m/mnt/d/暑期项目/HorizonCloudService-main/services/file-service/cmd/main.go:277
[0m[33m[0.073ms] [34;1m[rows:-][0m SELECT count(*) FROM sqlite_master WHERE type='table' AND name="file_files"

2025/09/11 08:30:59 [32m/mnt/d/暑期项目/HorizonCloudService-main/services/file-service/cmd/main.go:277
[0m[33m[0.491ms] [34;1m[rows:16][0m SELECT sql FROM sqlite_master WHERE type IN ("table","index") AND tbl_name = "file_files" AND sql IS NOT NULL order by type = "table" desc

2025/09/11 08:30:59 [32m/mnt/d/暑期项目/HorizonCloudService-main/services/file-service/cmd/main.go:277
[0m[33m[0.022ms] [34;1m[rows:-][0m SELECT * FROM `file_files` LIMIT 1

2025/09/11 08:30:59 [32m/mnt/d/暑期项目/HorizonCloudService-main/services/file-service/cmd/main.go:277
[0m[33m[0.026ms] [34;1m[rows:-][0m SELECT count(*) FROM sqlite_master WHERE type = "index" AND tbl_name = "file_files" AND name = "idx_file_files_deleted_at"

2025/09/11 08:30:59 [32m/mnt/d/暑期项目/HorizonCloudService-main/services/file-service/cmd/main.go:277
[0m[33m[0.018ms] [34;1m[rows:-][0m SELECT count(*) FROM sqlite_master WHERE type = "index" AND tbl_name = "file_files" AND name = "idx_file_files_name"

2025/09/11 08:30:59 [32m/mnt/d/暑期项目/HorizonCloudService-main/services/file-service/cmd/main.go:277
[0m[33m[0.018ms] [34;1m[rows:-][0m SELECT count(*) FROM sqlite_master WHERE type = "index" AND tbl_name = "file_files" AND name = "idx_file_files_path"

2025/09/11 08:30:59 [32m/mnt/d/暑期项目/HorizonCloudService-main/services/file-service/cmd/main.go:277
[0m[33m[0.016ms] [34;1m[rows:-][0m SELECT count(*) FROM sqlite_master WHERE type = "index" AND tbl_name = "file_files" AND name = "idx_file_files_size"

2025/09/11 08:30:59 [32m/mnt/d/暑期项目/HorizonCloudService-main/services/file-service/cmd/main.go:277
[0m[33m[0.013ms] [34;1m[rows:-][0m SELECT count(*) FROM sqlite_master WHERE type = "index" AND tbl_name = "file_files" AND name = "idx_file_files_extension"

2025/09/11 08:30:59 [32m/mnt/d/暑期项目/HorizonCloudService-main/services/file-service/cmd/main.go:277
[0m[33m[0.014ms] [34;1m[rows:-][0m SELECT count(*) FROM sqlite_master WHERE type = "index" AND tbl_name = "file_files" AND name = "idx_file_files_hash"

2025/09/11 08:30:59 [32m/mnt/d/暑期项目/HorizonCloudService-main/services/file-service/cmd/main.go:277
[0m[33m[0.018ms] [34;1m[rows:-][0m SELECT count(*) FROM sqlite_master WHERE type = "index" AND tbl_name = "file_files" AND name = "idx_file_files_md5"

2025/09/11 08:30:59 [32m/mnt/d/暑期项目/HorizonCloudService-main/services/file-service/cmd/main.go:277
[0m[33m[0.013ms] [34;1m[rows:-][0m SELECT count(*) FROM sqlite_master WHERE type = "index" AND tbl_name = "file_files" AND name = "idx_file_files_user_id"

2025/09/11 08:30:59 [32m/mnt/d/暑期项目/HorizonCloudService-main/services/file-service/cmd/main.go:277
[0m[33m[0.014ms] [34;1m[rows:-][0m SELECT count(*) FROM sqlite_master WHERE type = "index" AND tbl_name = "file_files" AND name = "idx_file_files_folder_id"

2025/09/11 08:30:59 [32m/mnt/d/暑期项目/HorizonCloudService-main/services/file-service/cmd/main.go:277
[0m[33m[0.012ms] [34;1m[rows:-][0m SELECT count(*) FROM sqlite_master WHERE type = "index" AND tbl_name = "file_files" AND name = "idx_file_files_status"

2025/09/11 08:30:59 [32m/mnt/d/暑期项目/HorizonCloudService-main/services/file-service/cmd/main.go:277
[0m[33m[0.016ms] [34;1m[rows:-][0m SELECT count(*) FROM sqlite_master WHERE type = "index" AND tbl_name = "file_files" AND name = "idx_file_files_category"

2025/09/11 08:30:59 [32m/mnt/d/暑期项目/HorizonCloudService-main/services/file-service/cmd/main.go:277
[0m[33m[0.013ms] [34;1m[rows:-][0m SELECT count(*) FROM sqlite_master WHERE type = "index" AND tbl_name = "file_files" AND name = "idx_file_files_is_public"

2025/09/11 08:30:59 [32m/mnt/d/暑期项目/HorizonCloudService-main/services/file-service/cmd/main.go:277
[0m[33m[0.014ms] [34;1m[rows:-][0m SELECT count(*) FROM sqlite_master WHERE type = "index" AND tbl_name = "file_files" AND name = "idx_file_files_parent_id"

2025/09/11 08:30:59 [32m/mnt/d/暑期项目/HorizonCloudService-main/services/file-service/cmd/main.go:277
[0m[33m[0.012ms] [34;1m[rows:-][0m SELECT count(*) FROM sqlite_master WHERE type = "index" AND tbl_name = "file_files" AND name = "idx_file_files_is_latest"

2025/09/11 08:30:59 [32m/mnt/d/暑期项目/HorizonCloudService-main/services/file-service/cmd/main.go:277
[0m[33m[0.014ms] [34;1m[rows:-][0m SELECT count(*) FROM sqlite_master WHERE type = "index" AND tbl_name = "file_files" AND name = "idx_file_files_storage_tier"

2025/09/11 08:30:59 [32m/mnt/d/暑期项目/HorizonCloudService-main/services/file-service/cmd/main.go:277
[0m[33m[0.015ms] [34;1m[rows:-][0m SELECT count(*) FROM sqlite_master WHERE type='table' AND name="file_thumbnails"

2025/09/11 08:30:59 [32m/mnt/d/暑期项目/HorizonCloudService-main/services/file-service/cmd/main.go:277
[0m[33m[0.509ms] [34;1m[rows:6][0m SELECT sql FROM sqlite_master WHERE type IN ("table","index") AND tbl_name = "file_thumbnails" AND sql IS NOT NULL order by type = "table" desc

2025/09/11 08:30:59 [32m/mnt/d/暑期项目/HorizonCloudService-main/services/file-service/cmd/main.go:277
[0m[33m[0.019ms] [34;1m[rows:-][0m SELECT * FROM `file_thumbnails` LIMIT 1

2025/09/11 08:30:59 [32m/mnt/d/暑期项目/HorizonCloudService-main/services/file-service/cmd/main.go:277
[0m[33m[0.016ms] [34;1m[rows:-][0m SELECT count(*) FROM sqlite_master WHERE type = "index" AND tbl_name = "file_thumbnails" AND name = "idx_file_thumbnails_deleted_at"

2025/09/11 08:30:59 [32m/mnt/d/暑期项目/HorizonCloudService-main/services/file-service/cmd/main.go:277
[0m[33m[0.020ms] [34;1m[rows:-][0m SELECT count(*) FROM sqlite_master WHERE type = "index" AND tbl_name = "file_thumbnails" AND name = "idx_file_thumbnails_file_id"

2025/09/11 08:30:59 [32m/mnt/d/暑期项目/HorizonCloudService-main/services/file-service/cmd/main.go:277
[0m[33m[0.018ms] [34;1m[rows:-][0m SELECT count(*) FROM sqlite_master WHERE type = "index" AND tbl_name = "file_thumbnails" AND name = "idx_file_thumbnails_size"

2025/09/11 08:30:59 [32m/mnt/d/暑期项目/HorizonCloudService-main/services/file-service/cmd/main.go:277
[0m[33m[0.015ms] [34;1m[rows:-][0m SELECT count(*) FROM sqlite_master WHERE type = "index" AND tbl_name = "file_thumbnails" AND name = "idx_file_thumbnails_path"

2025/09/11 08:30:59 [32m/mnt/d/暑期项目/HorizonCloudService-main/services/file-service/cmd/main.go:277
[0m[33m[0.014ms] [34;1m[rows:-][0m SELECT count(*) FROM sqlite_master WHERE type = "index" AND tbl_name = "file_thumbnails" AND name = "idx_file_thumbnails_status"

2025/09/11 08:30:59 [32m/mnt/d/暑期项目/HorizonCloudService-main/services/file-service/cmd/main.go:277
[0m[33m[0.014ms] [34;1m[rows:-][0m SELECT count(*) FROM sqlite_master WHERE type='table' AND name="file_upload_sessions"

2025/09/11 08:30:59 [32m/mnt/d/暑期项目/HorizonCloudService-main/services/file-service/cmd/main.go:277
[0m[33m[0.471ms] [34;1m[rows:7][0m SELECT sql FROM sqlite_master WHERE type IN ("table","index") AND tbl_name = "file_upload_sessions" AND sql IS NOT NULL order by type = "table" desc

2025/09/11 08:30:59 [32m/mnt/d/暑期项目/HorizonCloudService-main/services/file-service/cmd/main.go:277
[0m[33m[0.020ms] [34;1m[rows:-][0m SELECT * FROM `file_upload_sessions` LIMIT 1

2025/09/11 08:30:59 [32m/mnt/d/暑期项目/HorizonCloudService-main/services/file-service/cmd/main.go:277
[0m[33m[0.018ms] [34;1m[rows:-][0m SELECT count(*) FROM sqlite_master WHERE type = "index" AND tbl_name = "file_upload_sessions" AND name = "idx_file_upload_sessions_deleted_at"

2025/09/11 08:30:59 [32m/mnt/d/暑期项目/HorizonCloudService-main/services/file-service/cmd/main.go:277
[0m[33m[0.015ms] [34;1m[rows:-][0m SELECT count(*) FROM sqlite_master WHERE type = "index" AND tbl_name = "file_upload_sessions" AND name = "idx_file_upload_sessions_session_id"

2025/09/11 08:30:59 [32m/mnt/d/暑期项目/HorizonCloudService-main/services/file-service/cmd/main.go:277
[0m[33m[0.033ms] [34;1m[rows:-][0m SELECT count(*) FROM sqlite_master WHERE type = "index" AND tbl_name = "file_upload_sessions" AND name = "idx_file_upload_sessions_user_id"

2025/09/11 08:30:59 [32m/mnt/d/暑期项目/HorizonCloudService-main/services/file-service/cmd/main.go:277
[0m[33m[0.015ms] [34;1m[rows:-][0m SELECT count(*) FROM sqlite_master WHERE type = "index" AND tbl_name = "file_upload_sessions" AND name = "idx_file_upload_sessions_folder_id"

2025/09/11 08:30:59 [32m/mnt/d/暑期项目/HorizonCloudService-main/services/file-service/cmd/main.go:277
[0m[33m[0.014ms] [34;1m[rows:-][0m SELECT count(*) FROM sqlite_master WHERE type = "index" AND tbl_name = "file_upload_sessions" AND name = "idx_file_upload_sessions_status"

2025/09/11 08:30:59 [32m/mnt/d/暑期项目/HorizonCloudService-main/services/file-service/cmd/main.go:277
[0m[33m[0.015ms] [34;1m[rows:-][0m SELECT count(*) FROM sqlite_master WHERE type = "index" AND tbl_name = "file_upload_sessions" AND name = "idx_file_upload_sessions_expires_at"

2025/09/11 08:30:59 [32m/mnt/d/暑期项目/HorizonCloudService-main/services/file-service/cmd/main.go:277
[0m[33m[0.016ms] [34;1m[rows:-][0m SELECT count(*) FROM sqlite_master WHERE type='table' AND name="file_upload_chunks"

2025/09/11 08:30:59 [32m/mnt/d/暑期项目/HorizonCloudService-main/services/file-service/cmd/main.go:277
[0m[33m[0.506ms] [34;1m[rows:4][0m SELECT sql FROM sqlite_master WHERE type IN ("table","index") AND tbl_name = "file_upload_chunks" AND sql IS NOT NULL order by type = "table" desc

2025/09/11 08:30:59 [32m/mnt/d/暑期项目/HorizonCloudService-main/services/file-service/cmd/main.go:277
[0m[33m[0.018ms] [34;1m[rows:-][0m SELECT * FROM `file_upload_chunks` LIMIT 1

2025/09/11 08:30:59 [32m/mnt/d/暑期项目/HorizonCloudService-main/services/file-service/cmd/main.go:277
[0m[33m[0.015ms] [34;1m[rows:-][0m SELECT count(*) FROM sqlite_master WHERE type = "index" AND tbl_name = "file_upload_chunks" AND name = "idx_file_upload_chunks_deleted_at"

2025/09/11 08:30:59 [32m/mnt/d/暑期项目/HorizonCloudService-main/services/file-service/cmd/main.go:277
[0m[33m[0.015ms] [34;1m[rows:-][0m SELECT count(*) FROM sqlite_master WHERE type = "index" AND tbl_name = "file_upload_chunks" AND name = "idx_file_upload_chunks_session_id"

2025/09/11 08:30:59 [32m/mnt/d/暑期项目/HorizonCloudService-main/services/file-service/cmd/main.go:277
[0m[33m[0.013ms] [34;1m[rows:-][0m SELECT count(*) FROM sqlite_master WHERE type = "index" AND tbl_name = "file_upload_chunks" AND name = "idx_file_upload_chunks_status"
2025/09/11 08:30:59 Database migrations completed successfully
2025/09/11 08:30:59 Using mock user service client
2025/09/11 08:30:59 === JWT配置调试信息 ===
2025/09/11 08:30:59 JWT_SECRET环境变量: 'your-development-secret-key'
2025/09/11 08:30:59 配置文件JWT密钥: 'your-development-secret-key' (长度: 27)
2025/09/11 08:30:59 JWT密钥字节表示: [121 111 117 114 45 100 101 118 101 108 111 112 109 101 110 116 45 115 101 99 114 101 116 45 107 101 121]
2025/09/11 08:30:59 ========================
[GIN-debug] [WARNING] Running in "debug" mode. Switch to "release" mode in production.
 - using env:	export GIN_MODE=release
 - using code:	gin.SetMode(gin.ReleaseMode)

[GIN-debug] GET    /api/v1/health            --> file-service/internal/handlers.(*HealthHandler).Health-fm (6 handlers)
[GIN-debug] GET    /api/v1/health/ready      --> file-service/internal/handlers.(*HealthHandler).Ready-fm (6 handlers)
[GIN-debug] GET    /api/v1/health/live       --> file-service/internal/handlers.(*HealthHandler).Live-fm (6 handlers)
[GIN-debug] GET    /api/v1/health/metrics    --> file-service/internal/handlers.(*HealthHandler).Metrics-fm (6 handlers)
[GIN-debug] GET    /api/v1/health/stats      --> file-service/internal/handlers.(*HealthHandler).Stats-fm (6 handlers)
[GIN-debug] GET    /api/v1/health/version    --> file-service/internal/handlers.(*HealthHandler).Version-fm (6 handlers)
[GIN-debug] POST   /api/v1/auth/login        --> file-service/internal/routes.(*Router).handleAuthPlaceholder-fm (6 handlers)
[GIN-debug] POST   /api/v1/auth/logout       --> file-service/internal/routes.(*Router).handleAuthPlaceholder-fm (6 handlers)
[GIN-debug] POST   /api/v1/auth/refresh      --> file-service/internal/routes.(*Router).handleAuthPlaceholder-fm (6 handlers)
[GIN-debug] GET    /api/v1/auth/me           --> file-service/internal/routes.(*Router).handleUserInfo-fm (7 handlers)
[GIN-debug] GET    /api/v1/files             --> file-service/internal/handlers.(*FileHandler).ListFiles-fm (7 handlers)
[GIN-debug] POST   /api/v1/files             --> file-service/internal/handlers.(*FileHandler).UploadFile-fm (8 handlers)
[GIN-debug] GET    /api/v1/files/:id         --> file-service/internal/handlers.(*FileHandler).GetFile-fm (7 handlers)
[GIN-debug] PUT    /api/v1/files/:id         --> file-service/internal/handlers.(*FileHandler).UpdateFile-fm (7 handlers)
[GIN-debug] DELETE /api/v1/files/:id         --> file-service/internal/handlers.(*FileHandler).DeleteFile-fm (7 handlers)
[GIN-debug] GET    /api/v1/files/:id/download --> file-service/internal/handlers.(*FileHandler).DownloadFile-fm (7 handlers)
[GIN-debug] PUT    /api/v1/files/:id/move    --> file-service/internal/handlers.(*FileHandler).MoveFile-fm (7 handlers)
[GIN-debug] POST   /api/v1/files/:id/copy    --> file-service/internal/handlers.(*FileHandler).CopyFile-fm (7 handlers)
[GIN-debug] GET    /api/v1/files/:id/versions --> file-service/internal/handlers.(*FileHandler).GetFileVersions-fm (7 handlers)
[GIN-debug] POST   /api/v1/files/versions/:version_id/restore --> file-service/internal/handlers.(*FileHandler).RestoreFileVersion-fm (7 handlers)
[GIN-debug] POST   /api/v1/files/batch       --> file-service/internal/handlers.(*FileHandler).BatchOperation-fm (7 handlers)
[GIN-debug] GET    /api/v1/files/search      --> file-service/internal/handlers.(*FileHandler).SearchFiles-fm (7 handlers)
[GIN-debug] GET    /api/v1/files/duplicates  --> file-service/internal/handlers.(*FileHandler).GetDuplicateFiles-fm (7 handlers)
[GIN-debug] POST   /api/v1/files/duplicates/cleanup --> file-service/internal/handlers.(*FileHandler).CleanupDuplicates-fm (7 handlers)
[GIN-debug] GET    /api/v1/files/stats       --> file-service/internal/handlers.(*FileHandler).GetUserStats-fm (7 handlers)
[GIN-debug] GET    /api/v1/files/storage-stats --> file-service/internal/handlers.(*FileHandler).GetStorageStats-fm (7 handlers)
[GIN-debug] POST   /api/v1/upload/simple     --> file-service/internal/handlers.(*UploadHandler).SimpleUpload-fm (8 handlers)
[GIN-debug] POST   /api/v1/upload/initiate   --> file-service/internal/handlers.(*UploadHandler).InitiateUpload-fm (8 handlers)
[GIN-debug] POST   /api/v1/upload/chunk      --> file-service/internal/handlers.(*UploadHandler).UploadChunk-fm (7 handlers)
[GIN-debug] POST   /api/v1/upload/:session_id/complete --> file-service/internal/handlers.(*UploadHandler).CompleteUpload-fm (7 handlers)
[GIN-debug] DELETE /api/v1/upload/:session_id/abort --> file-service/internal/handlers.(*UploadHandler).AbortUpload-fm (7 handlers)
[GIN-debug] POST   /api/v1/upload/batch/initiate --> file-service/internal/handlers.(*UploadHandler).BatchInitiateUpload-fm (8 handlers)
[GIN-debug] GET    /api/v1/upload/sessions   --> file-service/internal/handlers.(*UploadHandler).ListUploadSessions-fm (7 handlers)
[GIN-debug] GET    /api/v1/upload/:session_id --> file-service/internal/handlers.(*UploadHandler).GetUploadSession-fm (7 handlers)
[GIN-debug] GET    /api/v1/upload/:session_id/progress --> file-service/internal/handlers.(*UploadHandler).GetUploadProgress-fm (7 handlers)
[GIN-debug] POST   /api/v1/upload/:session_id/resume --> file-service/internal/handlers.(*UploadHandler).ResumeUpload-fm (7 handlers)
[GIN-debug] POST   /api/v1/upload/:session_id/pause --> file-service/internal/handlers.(*UploadHandler).PauseUpload-fm (7 handlers)
[GIN-debug] POST   /api/v1/upload/:session_id/resume-from-pause --> file-service/internal/handlers.(*UploadHandler).ResumeUploadFromPause-fm (7 handlers)
[GIN-debug] GET    /api/v1/upload/statistics --> file-service/internal/handlers.(*UploadHandler).GetUploadStatistics-fm (7 handlers)
[GIN-debug] GET    /api/v1/folders           --> file-service/internal/handlers.(*FolderHandler).ListFolders-fm (7 handlers)
[GIN-debug] POST   /api/v1/folders           --> file-service/internal/handlers.(*FolderHandler).CreateFolder-fm (7 handlers)
[GIN-debug] GET    /api/v1/folders/:id       --> file-service/internal/handlers.(*FolderHandler).GetFolder-fm (7 handlers)
[GIN-debug] PUT    /api/v1/folders/:id       --> file-service/internal/handlers.(*FolderHandler).UpdateFolder-fm (7 handlers)
[GIN-debug] DELETE /api/v1/folders/:id       --> file-service/internal/handlers.(*FolderHandler).DeleteFolder-fm (7 handlers)
[GIN-debug] PUT    /api/v1/folders/:id/move  --> file-service/internal/handlers.(*FolderHandler).MoveFolder-fm (7 handlers)
[GIN-debug] POST   /api/v1/folders/:id/copy  --> file-service/internal/handlers.(*FolderHandler).CopyFolder-fm (7 handlers)
[GIN-debug] PUT    /api/v1/folders/:id/rename --> file-service/internal/handlers.(*FolderHandler).RenameFolder-fm (7 handlers)
[GIN-debug] GET    /api/v1/folders/:id/contents --> file-service/internal/handlers.(*FolderHandler).GetFolderContents-fm (7 handlers)
[GIN-debug] GET    /api/v1/folders/:id/path  --> file-service/internal/handlers.(*FolderHandler).GetFolderPath-fm (7 handlers)
[GIN-debug] GET    /api/v1/folders/tree      --> file-service/internal/handlers.(*FolderHandler).GetFolderTree-fm (7 handlers)
[GIN-debug] GET    /api/v1/folders/by-path   --> file-service/internal/handlers.(*FolderHandler).GetFolderByPath-fm (7 handlers)
[GIN-debug] GET    /api/v1/folders/:id/stats --> file-service/internal/handlers.(*FolderHandler).GetFolderStats-fm (7 handlers)
[GIN-debug] POST   /api/v1/folders/:id/sync-stats --> file-service/internal/handlers.(*FolderHandler).SyncFolderStats-fm (7 handlers)
[GIN-debug] POST   /api/v1/folders/recalculate-stats --> file-service/internal/handlers.(*FolderHandler).RecalculateAllStats-fm (7 handlers)
[GIN-debug] POST   /api/v1/folders/system/create --> file-service/internal/handlers.(*FolderHandler).CreateSystemFolders-fm (7 handlers)
[GIN-debug] GET    /api/v1/folders/system/:type --> file-service/internal/handlers.(*FolderHandler).GetSystemFolder-fm (7 handlers)
[GIN-debug] GET    /api/v1/folders/search    --> file-service/internal/handlers.(*FolderHandler).SearchFolders-fm (7 handlers)
[GIN-debug] POST   /api/v1/thumbnails/generate --> file-service/internal/handlers.(*ThumbnailHandler).GenerateThumbnail-fm (7 handlers)
[GIN-debug] POST   /api/v1/thumbnails/files/:file_id/generate --> file-service/internal/handlers.(*ThumbnailHandler).GenerateThumbnails-fm (7 handlers)
[GIN-debug] POST   /api/v1/thumbnails/batch/generate --> file-service/internal/handlers.(*ThumbnailHandler).BatchGenerateThumbnails-fm (7 handlers)
[GIN-debug] POST   /api/v1/thumbnails/files/:file_id/refresh --> file-service/internal/handlers.(*ThumbnailHandler).RefreshThumbnails-fm (7 handlers)
[GIN-debug] GET    /api/v1/thumbnails/:id    --> file-service/internal/handlers.(*ThumbnailHandler).GetThumbnail-fm (7 handlers)
[GIN-debug] GET    /api/v1/thumbnails/files/:file_id --> file-service/internal/handlers.(*ThumbnailHandler).GetFileThumbnails-fm (7 handlers)
[GIN-debug] GET    /api/v1/thumbnails/files/:file_id/info --> file-service/internal/handlers.(*ThumbnailHandler).GetThumbnailInfo-fm (7 handlers)
[GIN-debug] GET    /api/v1/thumbnails/files/:file_id/url/:size --> file-service/internal/handlers.(*ThumbnailHandler).GetThumbnailURL-fm (7 handlers)
[GIN-debug] GET    /api/v1/thumbnails/files/:file_id/serve/:size --> file-service/internal/handlers.(*ThumbnailHandler).ServeThumbnail-fm (7 handlers)
[GIN-debug] GET    /api/v1/thumbnails/files/:file_id/download/:size --> file-service/internal/handlers.(*ThumbnailHandler).DownloadThumbnail-fm (7 handlers)
[GIN-debug] GET    /api/v1/thumbnails/files/:file_id/preview --> file-service/internal/handlers.(*ThumbnailHandler).PreviewThumbnail-fm (7 handlers)
[GIN-debug] DELETE /api/v1/thumbnails/:id    --> file-service/internal/handlers.(*ThumbnailHandler).DeleteThumbnail-fm (7 handlers)
[GIN-debug] GET    /api/v1/thumbnails/stats  --> file-service/internal/handlers.(*ThumbnailHandler).GetThumbnailStats-fm (7 handlers)
[GIN-debug] GET    /api/v1/quota/status      --> file-service/internal/middleware.(*QuotaMiddleware).GetQuotaStatus-fm (7 handlers)
[GIN-debug] GET    /api/v1/admin/users/:user_id/files --> file-service/internal/handlers.(*FileHandler).ListFiles-fm (8 handlers)
[GIN-debug] GET    /api/v1/admin/users/:user_id/folders --> file-service/internal/handlers.(*FolderHandler).ListFolders-fm (8 handlers)
[GIN-debug] GET    /api/v1/admin/users/:user_id/stats --> file-service/internal/handlers.(*FileHandler).GetUserStats-fm (8 handlers)
[GIN-debug] GET    /api/v1/admin/users/:user_id/storage-stats --> file-service/internal/handlers.(*FileHandler).GetStorageStats-fm (8 handlers)
[GIN-debug] DELETE /api/v1/admin/users/:user_id/files/:id --> file-service/internal/handlers.(*FileHandler).DeleteFile-fm (8 handlers)
[GIN-debug] GET    /api/v1/admin/system/stats --> file-service/internal/handlers.(*HealthHandler).Stats-fm (8 handlers)
[GIN-debug] GET    /api/v1/admin/system/metrics --> file-service/internal/handlers.(*HealthHandler).Metrics-fm (8 handlers)
[GIN-debug] GET    /api/v1/admin/files/stats/storage --> file-service/internal/handlers.(*FileHandler).GetAdminFileStats-fm (8 handlers)
[GIN-debug] GET    /api/v1/public/files/:id/download --> file-service/internal/handlers.(*FileHandler).DownloadFile-fm (7 handlers)
[GIN-debug] GET    /api/v1/public/thumbnails/:id/preview --> file-service/internal/handlers.(*ThumbnailHandler).PreviewThumbnail-fm (7 handlers)
2025/09/11 08:30:59 File service starting on port 8002
2025/09/11 08:30:59 Environment: development
2025/09/11 08:30:59 Storage backend: local
[GIN] 2025/09/11 - 08:31:02 | 200 |    11.63034ms |       127.0.0.1 | GET      "/api/v1/health"
[GIN] 2025/09/11 - 08:31:02 | 200 |    2.089327ms |       127.0.0.1 | GET      "/api/v1/health"
[GIN] 2025/09/11 - 08:31:02 | 200 |    2.089255ms |       127.0.0.1 | GET      "/api/v1/health/ready"
[GIN] 2025/09/11 - 08:31:10 | 200 |   12.524386ms |       127.0.0.1 | GET      "/api/v1/health"
[GIN] 2025/09/11 - 08:31:10 | 200 |    3.294308ms |       127.0.0.1 | GET      "/api/v1/health/ready"
[GIN] 2025/09/11 - 08:31:10 | 200 |      71.463µs |       127.0.0.1 | GET      "/api/v1/health/metrics"
[GIN] 2025/09/11 - 08:31:10 | 200 |      11.166µs |       127.0.0.1 | GET      "/api/v1/health/stats"
2025/09/11 08:31:10 [DEBUG] 开始验证JWT令牌
2025/09/11 08:31:10 [DEBUG] 令牌字符串长度: 388
2025/09/11 08:31:10 [DEBUG] 令牌字符串前50个字符: eyJhbGciOiJIUzI1NiIsInR5cCI6IkpXVCJ9.eyJ1c2VyX2lkI...
2025/09/11 08:31:10 [DEBUG] JWT密钥长度: 27
2025/09/11 08:31:10 [DEBUG] JWT密钥内容: your-development-secret-key
2025/09/11 08:31:10 [DEBUG] 令牌头部: {"alg":"HS256","typ":"JWT"}
2025/09/11 08:31:10 [DEBUG] 令牌签名方法: HS256
2025/09/11 08:31:10 [DEBUG] 返回密钥进行验证，长度: 27
2025/09/11 08:31:10 [DEBUG] 令牌解析完成，有效性: true
2025/09/11 08:31:10 [DEBUG] 声明类型正确，用户ID: 1, 用户名: test_670433
2025/09/11 08:31:10 [DEBUG] 令牌有效，返回声明
[GIN] 2025/09/11 - 08:31:10 | 200 |    1.238901ms |       127.0.0.1 | GET      "/api/v1/auth/me"
2025/09/11 08:31:10 [DEBUG] 开始验证JWT令牌
2025/09/11 08:31:10 [DEBUG] 令牌字符串长度: 388
2025/09/11 08:31:10 [DEBUG] 令牌字符串前50个字符: eyJhbGciOiJIUzI1NiIsInR5cCI6IkpXVCJ9.eyJ1c2VyX2lkI...
2025/09/11 08:31:10 [DEBUG] JWT密钥长度: 27
2025/09/11 08:31:10 [DEBUG] JWT密钥内容: your-development-secret-key
2025/09/11 08:31:10 [DEBUG] 令牌头部: {"alg":"HS256","typ":"JWT"}
2025/09/11 08:31:10 [DEBUG] 令牌签名方法: HS256
2025/09/11 08:31:10 [DEBUG] 返回密钥进行验证，长度: 27
2025/09/11 08:31:10 [DEBUG] 令牌解析完成，有效性: true
2025/09/11 08:31:10 [DEBUG] 声明类型正确，用户ID: 1, 用户名: test_670433
2025/09/11 08:31:10 [DEBUG] 令牌有效，返回声明

2025/09/11 08:31:10 [32m/mnt/d/暑期项目/HorizonCloudService-main/services/file-service/internal/repository/file_repository.go:164
[0m[33m[0.935ms] [34;1m[rows:1][0m SELECT count(*) FROM `file_files` WHERE user_id = 1 AND folder_id IS NULL AND status = 1 AND `file_files`.`deleted_at` IS NULL

2025/09/11 08:31:10 [32m/mnt/d/暑期项目/HorizonCloudService-main/services/file-service/internal/repository/file_repository.go:177
[0m[33m[0.708ms] [34;1m[rows:0][0m SELECT * FROM `file_thumbnails` WHERE `file_thumbnails`.`file_id` IN (2,1) AND `file_thumbnails`.`deleted_at` IS NULL

2025/09/11 08:31:10 [32m/mnt/d/暑期项目/HorizonCloudService-main/services/file-service/internal/repository/file_repository.go:177
[0m[33m[1.709ms] [34;1m[rows:2][0m SELECT * FROM `file_files` WHERE user_id = 1 AND folder_id IS NULL AND status = 1 AND `file_files`.`deleted_at` IS NULL ORDER BY created_at DESC LIMIT 20
[GIN] 2025/09/11 - 08:31:10 | 200 |    4.249294ms |       127.0.0.1 | GET      "/api/v1/files"
2025/09/11 08:31:10 [DEBUG] 开始验证JWT令牌
2025/09/11 08:31:10 [DEBUG] 令牌字符串长度: 388
2025/09/11 08:31:10 [DEBUG] 令牌字符串前50个字符: eyJhbGciOiJIUzI1NiIsInR5cCI6IkpXVCJ9.eyJ1c2VyX2lkI...
2025/09/11 08:31:10 [DEBUG] JWT密钥长度: 27
2025/09/11 08:31:10 [DEBUG] JWT密钥内容: your-development-secret-key
2025/09/11 08:31:10 [DEBUG] 令牌头部: {"alg":"HS256","typ":"JWT"}
2025/09/11 08:31:10 [DEBUG] 令牌签名方法: HS256
2025/09/11 08:31:10 [DEBUG] 返回密钥进行验证，长度: 27
2025/09/11 08:31:10 [DEBUG] 令牌解析完成，有效性: true
2025/09/11 08:31:10 [DEBUG] 声明类型正确，用户ID: 1, 用户名: test_670433
2025/09/11 08:31:10 [DEBUG] 令牌有效，返回声明

2025/09/11 08:31:10 [32m/mnt/d/暑期项目/HorizonCloudService-main/services/file-service/internal/repository/folder_repository.go:175
[0m[33m[1.175ms] [34;1m[rows:7][0m SELECT * FROM `file_folders` WHERE (user_id = 1 AND parent_id IS NULL) AND `file_folders`.`deleted_at` IS NULL ORDER BY sort_order ASC, name ASC
[GIN] 2025/09/11 - 08:31:10 | 200 |    2.193438ms |       127.0.0.1 | GET      "/api/v1/folders"
2025/09/11 08:31:10 [DEBUG] 开始验证JWT令牌
2025/09/11 08:31:10 [DEBUG] 令牌字符串长度: 388
2025/09/11 08:31:10 [DEBUG] 令牌字符串前50个字符: eyJhbGciOiJIUzI1NiIsInR5cCI6IkpXVCJ9.eyJ1c2VyX2lkI...
2025/09/11 08:31:10 [DEBUG] JWT密钥长度: 27
2025/09/11 08:31:10 [DEBUG] JWT密钥内容: your-development-secret-key
2025/09/11 08:31:10 [DEBUG] 令牌头部: {"alg":"HS256","typ":"JWT"}
2025/09/11 08:31:10 [DEBUG] 令牌签名方法: HS256
2025/09/11 08:31:10 [DEBUG] 返回密钥进行验证，长度: 27
2025/09/11 08:31:10 [DEBUG] 令牌解析完成，有效性: true
2025/09/11 08:31:10 [DEBUG] 声明类型正确，用户ID: 1, 用户名: test_670433
2025/09/11 08:31:10 [DEBUG] 令牌有效，返回声明

2025/09/11 08:31:10 [32m/mnt/d/暑期项目/HorizonCloudService-main/services/file-service/internal/repository/file_repository.go:437
[0m[33m[0.660ms] [34;1m[rows:1][0m SELECT COALESCE(SUM(size), 0) as total_size FROM `file_files` WHERE user_id = 1 AND `file_files`.`deleted_at` IS NULL

2025/09/11 08:31:10 [32m/mnt/d/暑期项目/HorizonCloudService-main/services/file-service/internal/repository/file_repository.go:424
[0m[33m[0.649ms] [34;1m[rows:1][0m SELECT count(*) FROM `file_files` WHERE user_id = 1 AND `file_files`.`deleted_at` IS NULL
[GIN] 2025/09/11 - 08:31:10 | 200 |    2.407157ms |       127.0.0.1 | GET      "/api/v1/quota/status"
2025/09/11 08:31:10 [DEBUG] 开始验证JWT令牌
2025/09/11 08:31:10 [DEBUG] 令牌字符串长度: 388
2025/09/11 08:31:10 [DEBUG] 令牌字符串前50个字符: eyJhbGciOiJIUzI1NiIsInR5cCI6IkpXVCJ9.eyJ1c2VyX2lkI...
2025/09/11 08:31:10 [DEBUG] JWT密钥长度: 27
2025/09/11 08:31:10 [DEBUG] JWT密钥内容: your-development-secret-key
2025/09/11 08:31:10 [DEBUG] 令牌头部: {"alg":"HS256","typ":"JWT"}
2025/09/11 08:31:10 [DEBUG] 令牌签名方法: HS256
2025/09/11 08:31:10 [DEBUG] 返回密钥进行验证，长度: 27
2025/09/11 08:31:10 [DEBUG] 令牌解析完成，有效性: true
2025/09/11 08:31:10 [DEBUG] 声明类型正确，用户ID: 1, 用户名: test_670433
2025/09/11 08:31:10 [DEBUG] 令牌有效，返回声明

2025/09/11 08:31:10 [31;1m/mnt/d/暑期项目/HorizonCloudService-main/services/file-service/internal/repository/file_repository.go:200 [35;1munrecognized token: "@"
[0m[33m[0.035ms] [34;1m[rows:0][0m SELECT count(*) FROM `file_files` WHERE user_id = 1 AND (to_tsvector('simple', name) @@ plainto_tsquery('simple', "test") OR to_tsvector('simple', original_name) @@ plainto_tsquery('simple', "test") OR name ILIKE "%test%" OR original_name ILIKE "%test%") AND size >= 0 AND size <= 0 AND status = 1 AND created_at >= "" AND created_at <= "" AND `file_files`.`deleted_at` IS NULL
[GIN] 2025/09/11 - 08:31:10 | 500 |    2.637983ms |       127.0.0.1 | GET      "/api/v1/files/search?q=test&limit=10&offset=0"
2025/09/11 08:31:10 [DEBUG] 开始验证JWT令牌
2025/09/11 08:31:10 [DEBUG] 令牌字符串长度: 388
2025/09/11 08:31:10 [DEBUG] 令牌字符串前50个字符: eyJhbGciOiJIUzI1NiIsInR5cCI6IkpXVCJ9.eyJ1c2VyX2lkI...
2025/09/11 08:31:10 [DEBUG] JWT密钥长度: 27
2025/09/11 08:31:10 [DEBUG] JWT密钥内容: your-development-secret-key
2025/09/11 08:31:10 [DEBUG] 令牌头部: {"alg":"HS256","typ":"JWT"}
2025/09/11 08:31:10 [DEBUG] 令牌签名方法: HS256
2025/09/11 08:31:10 [DEBUG] 返回密钥进行验证，长度: 27
2025/09/11 08:31:10 [DEBUG] 令牌解析完成，有效性: true
2025/09/11 08:31:10 [DEBUG] 声明类型正确，用户ID: 1, 用户名: test_670433
2025/09/11 08:31:10 [DEBUG] 令牌有效，返回声明

2025/09/11 08:31:10 [32m/mnt/d/暑期项目/HorizonCloudService-main/services/file-service/internal/repository/file_repository.go:424
[0m[33m[0.679ms] [34;1m[rows:1][0m SELECT count(*) FROM `file_files` WHERE user_id = 1 AND `file_files`.`deleted_at` IS NULL

2025/09/11 08:31:10 [32m/mnt/d/暑期项目/HorizonCloudService-main/services/file-service/internal/repository/file_repository.go:437
[0m[33m[0.790ms] [34;1m[rows:1][0m SELECT COALESCE(SUM(size), 0) as total_size FROM `file_files` WHERE user_id = 1 AND `file_files`.`deleted_at` IS NULL

2025/09/11 08:31:10 [32m/mnt/d/暑期项目/HorizonCloudService-main/services/file-service/internal/repository/folder_repository.go:165
[0m[33m[0.942ms] [34;1m[rows:7][0m SELECT * FROM `file_folders` WHERE user_id = 1 AND `file_folders`.`deleted_at` IS NULL ORDER BY level ASC, name ASC
[GIN] 2025/09/11 - 08:31:10 | 200 |    3.613068ms |       127.0.0.1 | GET      "/api/v1/files/stats"
2025/09/11 08:31:10 [DEBUG] 开始验证JWT令牌
2025/09/11 08:31:10 [DEBUG] 令牌字符串长度: 388
2025/09/11 08:31:10 [DEBUG] 令牌字符串前50个字符: eyJhbGciOiJIUzI1NiIsInR5cCI6IkpXVCJ9.eyJ1c2VyX2lkI...
2025/09/11 08:31:10 [DEBUG] JWT密钥长度: 27
2025/09/11 08:31:10 [DEBUG] JWT密钥内容: your-development-secret-key
2025/09/11 08:31:10 [DEBUG] 令牌头部: {"alg":"HS256","typ":"JWT"}
2025/09/11 08:31:10 [DEBUG] 令牌签名方法: HS256
2025/09/11 08:31:10 [DEBUG] 返回密钥进行验证，长度: 27
2025/09/11 08:31:10 [DEBUG] 令牌解析完成，有效性: true
2025/09/11 08:31:10 [DEBUG] 声明类型正确，用户ID: 1, 用户名: test_670433
2025/09/11 08:31:10 [DEBUG] 令牌有效，返回声明

2025/09/11 08:31:10 [32m/mnt/d/暑期项目/HorizonCloudService-main/services/file-service/internal/repository/file_repository.go:437
[0m[33m[0.811ms] [34;1m[rows:1][0m SELECT COALESCE(SUM(size), 0) as total_size FROM `file_files` WHERE user_id = 1 AND `file_files`.`deleted_at` IS NULL

2025/09/11 08:31:10 [32m/mnt/d/暑期项目/HorizonCloudService-main/services/file-service/internal/repository/file_repository.go:424
[0m[33m[1.288ms] [34;1m[rows:1][0m SELECT count(*) FROM `file_files` WHERE user_id = 1 AND `file_files`.`deleted_at` IS NULL

2025/09/11 08:31:10 [32m/mnt/d/暑期项目/HorizonCloudService-main/services/file-service/internal/repository/file_repository.go:453
[0m[33m[1.166ms] [34;1m[rows:1][0m SELECT category, COUNT(*) as count FROM `file_files` WHERE user_id = 1 AND `file_files`.`deleted_at` IS NULL GROUP BY `category`

2025/09/11 08:31:10 [32m/mnt/d/暑期项目/HorizonCloudService-main/services/file-service/internal/repository/file_repository.go:477
[0m[33m[0.642ms] [34;1m[rows:1][0m SELECT storage_tier, COALESCE(SUM(size), 0) as total_size FROM `file_files` WHERE user_id = 1 AND `file_files`.`deleted_at` IS NULL GROUP BY `storage_tier`
[GIN] 2025/09/11 - 08:31:10 | 200 |    6.022433ms |       127.0.0.1 | GET      "/api/v1/files/storage-stats"
2025/09/11 08:31:10 [DEBUG] 开始验证JWT令牌
2025/09/11 08:31:10 [DEBUG] 令牌字符串长度: 388
2025/09/11 08:31:10 [DEBUG] 令牌字符串前50个字符: eyJhbGciOiJIUzI1NiIsInR5cCI6IkpXVCJ9.eyJ1c2VyX2lkI...
2025/09/11 08:31:10 [DEBUG] JWT密钥长度: 27
2025/09/11 08:31:10 [DEBUG] JWT密钥内容: your-development-secret-key
2025/09/11 08:31:10 [DEBUG] 令牌头部: {"alg":"HS256","typ":"JWT"}
2025/09/11 08:31:10 [DEBUG] 令牌签名方法: HS256
2025/09/11 08:31:10 [DEBUG] 返回密钥进行验证，长度: 27
2025/09/11 08:31:10 [DEBUG] 令牌解析完成，有效性: true
2025/09/11 08:31:10 [DEBUG] 声明类型正确，用户ID: 1, 用户名: test_670433
2025/09/11 08:31:10 [DEBUG] 令牌有效，返回声明

2025/09/11 08:31:10 [32m/mnt/d/暑期项目/HorizonCloudService-main/services/file-service/internal/repository/file_repository.go:164
[0m[33m[0.641ms] [34;1m[rows:1][0m SELECT count(*) FROM `file_files` WHERE user_id = 1 AND folder_id IS NULL AND status = 1 AND `file_files`.`deleted_at` IS NULL

2025/09/11 08:31:10 [32m/mnt/d/暑期项目/HorizonCloudService-main/services/file-service/internal/repository/file_repository.go:177
[0m[33m[0.593ms] [34;1m[rows:0][0m SELECT * FROM `file_thumbnails` WHERE `file_thumbnails`.`file_id` IN (2,1) AND `file_thumbnails`.`deleted_at` IS NULL

2025/09/11 08:31:10 [32m/mnt/d/暑期项目/HorizonCloudService-main/services/file-service/internal/repository/file_repository.go:177
[0m[33m[1.649ms] [34;1m[rows:2][0m SELECT * FROM `file_files` WHERE user_id = 1 AND folder_id IS NULL AND status = 1 AND `file_files`.`deleted_at` IS NULL ORDER BY created_at DESC LIMIT 10000
[GIN] 2025/09/11 - 08:31:10 | 200 |    3.347001ms |       127.0.0.1 | GET      "/api/v1/files/duplicates"
2025/09/11 08:31:10 [DEBUG] 开始验证JWT令牌
2025/09/11 08:31:10 [DEBUG] 令牌字符串长度: 388
2025/09/11 08:31:10 [DEBUG] 令牌字符串前50个字符: eyJhbGciOiJIUzI1NiIsInR5cCI6IkpXVCJ9.eyJ1c2VyX2lkI...
2025/09/11 08:31:10 [DEBUG] JWT密钥长度: 27
2025/09/11 08:31:10 [DEBUG] JWT密钥内容: your-development-secret-key
2025/09/11 08:31:10 [DEBUG] 令牌头部: {"alg":"HS256","typ":"JWT"}
2025/09/11 08:31:10 [DEBUG] 令牌签名方法: HS256
2025/09/11 08:31:10 [DEBUG] 返回密钥进行验证，长度: 27
2025/09/11 08:31:10 [DEBUG] 令牌解析完成，有效性: true
2025/09/11 08:31:10 [DEBUG] 声明类型正确，用户ID: 1, 用户名: test_670433
2025/09/11 08:31:10 [DEBUG] 令牌有效，返回声明
[GIN] 2025/09/11 - 08:31:10 | 500 |     898.669µs |       127.0.0.1 | POST     "/api/v1/files/batch"
2025/09/11 08:31:10 [DEBUG] 开始验证JWT令牌
2025/09/11 08:31:10 [DEBUG] 令牌字符串长度: 388
2025/09/11 08:31:10 [DEBUG] 令牌字符串前50个字符: eyJhbGciOiJIUzI1NiIsInR5cCI6IkpXVCJ9.eyJ1c2VyX2lkI...
2025/09/11 08:31:10 [DEBUG] JWT密钥长度: 27
2025/09/11 08:31:10 [DEBUG] JWT密钥内容: your-development-secret-key
2025/09/11 08:31:10 [DEBUG] 令牌头部: {"alg":"HS256","typ":"JWT"}
2025/09/11 08:31:10 [DEBUG] 令牌签名方法: HS256
2025/09/11 08:31:10 [DEBUG] 返回密钥进行验证，长度: 27
2025/09/11 08:31:10 [DEBUG] 令牌解析完成，有效性: true
2025/09/11 08:31:10 [DEBUG] 声明类型正确，用户ID: 1, 用户名: test_670433
2025/09/11 08:31:10 [DEBUG] 令牌有效，返回声明

2025/09/11 08:31:10 [32m/mnt/d/暑期项目/HorizonCloudService-main/services/file-service/internal/repository/folder_repository.go:421
[0m[33m[0.736ms] [34;1m[rows:1][0m SELECT * FROM `file_folders` WHERE (user_id = 1 AND name = "完整测试文件夹") AND parent_id IS NULL AND `file_folders`.`deleted_at` IS NULL ORDER BY `file_folders`.`id` LIMIT 1
[GIN] 2025/09/11 - 08:31:10 | 500 |    1.680667ms |       127.0.0.1 | POST     "/api/v1/folders"
2025/09/11 08:31:10 [DEBUG] 开始验证JWT令牌
2025/09/11 08:31:10 [DEBUG] 令牌字符串长度: 388
2025/09/11 08:31:10 [DEBUG] 令牌字符串前50个字符: eyJhbGciOiJIUzI1NiIsInR5cCI6IkpXVCJ9.eyJ1c2VyX2lkI...
2025/09/11 08:31:10 [DEBUG] JWT密钥长度: 27
2025/09/11 08:31:10 [DEBUG] JWT密钥内容: your-development-secret-key
2025/09/11 08:31:10 [DEBUG] 令牌头部: {"alg":"HS256","typ":"JWT"}
2025/09/11 08:31:10 [DEBUG] 令牌签名方法: HS256
2025/09/11 08:31:10 [DEBUG] 返回密钥进行验证，长度: 27
2025/09/11 08:31:10 [DEBUG] 令牌解析完成，有效性: true
2025/09/11 08:31:10 [DEBUG] 声明类型正确，用户ID: 1, 用户名: test_670433
2025/09/11 08:31:10 [DEBUG] 令牌有效，返回声明

2025/09/11 08:31:10 [32m/mnt/d/暑期项目/HorizonCloudService-main/services/file-service/internal/repository/folder_repository.go:193
[0m[33m[0.881ms] [34;1m[rows:7][0m SELECT * FROM `file_folders` WHERE user_id = 1 AND `file_folders`.`deleted_at` IS NULL ORDER BY level ASC, name ASC
[GIN] 2025/09/11 - 08:31:10 | 200 |    1.849915ms |       127.0.0.1 | GET      "/api/v1/folders/tree"
2025/09/11 08:31:10 [DEBUG] 开始验证JWT令牌
2025/09/11 08:31:10 [DEBUG] 令牌字符串长度: 388
2025/09/11 08:31:10 [DEBUG] 令牌字符串前50个字符: eyJhbGciOiJIUzI1NiIsInR5cCI6IkpXVCJ9.eyJ1c2VyX2lkI...
2025/09/11 08:31:10 [DEBUG] JWT密钥长度: 27
2025/09/11 08:31:10 [DEBUG] JWT密钥内容: your-development-secret-key
2025/09/11 08:31:10 [DEBUG] 令牌头部: {"alg":"HS256","typ":"JWT"}
2025/09/11 08:31:10 [DEBUG] 令牌签名方法: HS256
2025/09/11 08:31:10 [DEBUG] 返回密钥进行验证，长度: 27
2025/09/11 08:31:10 [DEBUG] 令牌解析完成，有效性: true
2025/09/11 08:31:10 [DEBUG] 声明类型正确，用户ID: 1, 用户名: test_670433
2025/09/11 08:31:10 [DEBUG] 令牌有效，返回声明

2025/09/11 08:31:10 [31;1m/mnt/d/暑期项目/HorizonCloudService-main/services/file-service/internal/repository/folder_repository.go:396 [35;1munrecognized token: "@"
[0m[33m[0.024ms] [34;1m[rows:0][0m SELECT count(*) FROM `file_folders` WHERE user_id = 1 AND (to_tsvector('simple', name) @@ plainto_tsquery('simple', "完整测试") OR name ILIKE "%完整测试%") AND `file_folders`.`deleted_at` IS NULL
[GIN] 2025/09/11 - 08:31:10 | 500 |     935.972µs |       127.0.0.1 | GET      "/api/v1/folders/search?q=%E5%AE%8C%E6%95%B4%E6%B5%8B%E8%AF%95&limit=10&offset=0"
2025/09/11 08:31:10 [DEBUG] 开始验证JWT令牌
2025/09/11 08:31:10 [DEBUG] 令牌字符串长度: 388
2025/09/11 08:31:10 [DEBUG] 令牌字符串前50个字符: eyJhbGciOiJIUzI1NiIsInR5cCI6IkpXVCJ9.eyJ1c2VyX2lkI...
2025/09/11 08:31:10 [DEBUG] JWT密钥长度: 27
2025/09/11 08:31:10 [DEBUG] JWT密钥内容: your-development-secret-key
2025/09/11 08:31:10 [DEBUG] 令牌头部: {"alg":"HS256","typ":"JWT"}
2025/09/11 08:31:10 [DEBUG] 令牌签名方法: HS256
2025/09/11 08:31:10 [DEBUG] 返回密钥进行验证，长度: 27
2025/09/11 08:31:10 [DEBUG] 令牌解析完成，有效性: true
2025/09/11 08:31:10 [DEBUG] 声明类型正确，用户ID: 1, 用户名: test_670433
2025/09/11 08:31:10 [DEBUG] 令牌有效，返回声明

2025/09/11 08:31:10 [31;1m/mnt/d/暑期项目/HorizonCloudService-main/services/file-service/internal/repository/folder_repository.go:112 [35;1mrecord not found
[0m[33m[0.731ms] [34;1m[rows:0][0m SELECT * FROM `file_folders` WHERE (user_id = 1 AND path = "/") AND `file_folders`.`deleted_at` IS NULL ORDER BY `file_folders`.`id` LIMIT 1
[GIN] 2025/09/11 - 08:31:10 | 404 |    1.721619ms |       127.0.0.1 | GET      "/api/v1/folders/by-path?path=%2F"
2025/09/11 08:31:10 [DEBUG] 开始验证JWT令牌
2025/09/11 08:31:10 [DEBUG] 令牌字符串长度: 388
2025/09/11 08:31:10 [DEBUG] 令牌字符串前50个字符: eyJhbGciOiJIUzI1NiIsInR5cCI6IkpXVCJ9.eyJ1c2VyX2lkI...
2025/09/11 08:31:10 [DEBUG] JWT密钥长度: 27
2025/09/11 08:31:10 [DEBUG] JWT密钥内容: your-development-secret-key
2025/09/11 08:31:10 [DEBUG] 令牌头部: {"alg":"HS256","typ":"JWT"}
2025/09/11 08:31:10 [DEBUG] 令牌签名方法: HS256
2025/09/11 08:31:10 [DEBUG] 返回密钥进行验证，长度: 27
2025/09/11 08:31:10 [DEBUG] 令牌解析完成，有效性: true
2025/09/11 08:31:10 [DEBUG] 声明类型正确，用户ID: 1, 用户名: test_670433
2025/09/11 08:31:10 [DEBUG] 令牌有效，返回声明

2025/09/11 08:31:10 [32m/mnt/d/暑期项目/HorizonCloudService-main/services/file-service/internal/repository/folder_repository.go:73
[0m[33m[5.381ms] [34;1m[rows:1][0m INSERT INTO `file_folders` (`created_at`,`updated_at`,`deleted_at`,`name`,`path`,`description`,`parent_id`,`level`,`materialized_path`,`user_id`,`status`,`is_system`,`is_shared`,`file_count`,`folder_count`,`total_size`,`color`,`icon`,`sort_order`) VALUES ("2025-09-11 00:31:10.665","2025-09-11 00:31:10.665",NULL,"Images","/Images","",NULL,0,"",1,1,true,false,0,0,0,"#4CAF50","image",0) RETURNING `id`

2025/09/11 08:31:10 [32m/mnt/d/暑期项目/HorizonCloudService-main/services/file-service/internal/repository/folder_repository.go:91
[0m[33m[0.106ms] [34;1m[rows:1][0m UPDATE `file_folders` SET `created_at`="2025-09-11 00:31:10.665",`updated_at`="2025-09-11 00:31:10.67",`deleted_at`=NULL,`name`="Images",`path`="/Images",`description`="",`parent_id`=NULL,`level`=0,`materialized_path`="/14",`user_id`=1,`status`=1,`is_system`=true,`is_shared`=false,`file_count`=0,`folder_count`=0,`total_size`=0,`color`="#4CAF50",`icon`="image",`sort_order`=0 WHERE `file_folders`.`deleted_at` IS NULL AND `id` = 14

2025/09/11 08:31:10 [32m/mnt/d/暑期项目/HorizonCloudService-main/services/file-service/internal/repository/folder_repository.go:73
[0m[33m[4.352ms] [34;1m[rows:1][0m INSERT INTO `file_folders` (`created_at`,`updated_at`,`deleted_at`,`name`,`path`,`description`,`parent_id`,`level`,`materialized_path`,`user_id`,`status`,`is_system`,`is_shared`,`file_count`,`folder_count`,`total_size`,`color`,`icon`,`sort_order`) VALUES ("2025-09-11 00:31:10.678","2025-09-11 00:31:10.678",NULL,"Videos","/Videos","",NULL,0,"",1,1,true,false,0,0,0,"#FF5722","video",0) RETURNING `id`

2025/09/11 08:31:10 [32m/mnt/d/暑期项目/HorizonCloudService-main/services/file-service/internal/repository/folder_repository.go:91
[0m[33m[0.098ms] [34;1m[rows:1][0m UPDATE `file_folders` SET `created_at`="2025-09-11 00:31:10.678",`updated_at`="2025-09-11 00:31:10.682",`deleted_at`=NULL,`name`="Videos",`path`="/Videos",`description`="",`parent_id`=NULL,`level`=0,`materialized_path`="/15",`user_id`=1,`status`=1,`is_system`=true,`is_shared`=false,`file_count`=0,`folder_count`=0,`total_size`=0,`color`="#FF5722",`icon`="video",`sort_order`=0 WHERE `file_folders`.`deleted_at` IS NULL AND `id` = 15

2025/09/11 08:31:10 [32m/mnt/d/暑期项目/HorizonCloudService-main/services/file-service/internal/repository/folder_repository.go:73
[0m[33m[4.729ms] [34;1m[rows:1][0m INSERT INTO `file_folders` (`created_at`,`updated_at`,`deleted_at`,`name`,`path`,`description`,`parent_id`,`level`,`materialized_path`,`user_id`,`status`,`is_system`,`is_shared`,`file_count`,`folder_count`,`total_size`,`color`,`icon`,`sort_order`) VALUES ("2025-09-11 00:31:10.69","2025-09-11 00:31:10.69",NULL,"Audios","/Audios","",NULL,0,"",1,1,true,false,0,0,0,"#9C27B0","audio",0) RETURNING `id`

2025/09/11 08:31:10 [32m/mnt/d/暑期项目/HorizonCloudService-main/services/file-service/internal/repository/folder_repository.go:91
[0m[33m[0.112ms] [34;1m[rows:1][0m UPDATE `file_folders` SET `created_at`="2025-09-11 00:31:10.69",`updated_at`="2025-09-11 00:31:10.695",`deleted_at`=NULL,`name`="Audios",`path`="/Audios",`description`="",`parent_id`=NULL,`level`=0,`materialized_path`="/16",`user_id`=1,`status`=1,`is_system`=true,`is_shared`=false,`file_count`=0,`folder_count`=0,`total_size`=0,`color`="#9C27B0",`icon`="audio",`sort_order`=0 WHERE `file_folders`.`deleted_at` IS NULL AND `id` = 16

2025/09/11 08:31:10 [32m/mnt/d/暑期项目/HorizonCloudService-main/services/file-service/internal/repository/folder_repository.go:73
[0m[33m[4.165ms] [34;1m[rows:1][0m INSERT INTO `file_folders` (`created_at`,`updated_at`,`deleted_at`,`name`,`path`,`description`,`parent_id`,`level`,`materialized_path`,`user_id`,`status`,`is_system`,`is_shared`,`file_count`,`folder_count`,`total_size`,`color`,`icon`,`sort_order`) VALUES ("2025-09-11 00:31:10.703","2025-09-11 00:31:10.703",NULL,"Documents","/Documents","",NULL,0,"",1,1,true,false,0,0,0,"#2196F3","document",0) RETURNING `id`

2025/09/11 08:31:10 [32m/mnt/d/暑期项目/HorizonCloudService-main/services/file-service/internal/repository/folder_repository.go:91
[0m[33m[0.115ms] [34;1m[rows:1][0m UPDATE `file_folders` SET `created_at`="2025-09-11 00:31:10.703",`updated_at`="2025-09-11 00:31:10.708",`deleted_at`=NULL,`name`="Documents",`path`="/Documents",`description`="",`parent_id`=NULL,`level`=0,`materialized_path`="/17",`user_id`=1,`status`=1,`is_system`=true,`is_shared`=false,`file_count`=0,`folder_count`=0,`total_size`=0,`color`="#2196F3",`icon`="document",`sort_order`=0 WHERE `file_folders`.`deleted_at` IS NULL AND `id` = 17

2025/09/11 08:31:10 [32m/mnt/d/暑期项目/HorizonCloudService-main/services/file-service/internal/repository/folder_repository.go:73
[0m[33m[4.236ms] [34;1m[rows:1][0m INSERT INTO `file_folders` (`created_at`,`updated_at`,`deleted_at`,`name`,`path`,`description`,`parent_id`,`level`,`materialized_path`,`user_id`,`status`,`is_system`,`is_shared`,`file_count`,`folder_count`,`total_size`,`color`,`icon`,`sort_order`) VALUES ("2025-09-11 00:31:10.716","2025-09-11 00:31:10.716",NULL,"Archives","/Archives","",NULL,0,"",1,1,true,false,0,0,0,"#FF9800","archive",0) RETURNING `id`

2025/09/11 08:31:10 [32m/mnt/d/暑期项目/HorizonCloudService-main/services/file-service/internal/repository/folder_repository.go:91
[0m[33m[0.105ms] [34;1m[rows:1][0m UPDATE `file_folders` SET `created_at`="2025-09-11 00:31:10.716",`updated_at`="2025-09-11 00:31:10.72",`deleted_at`=NULL,`name`="Archives",`path`="/Archives",`description`="",`parent_id`=NULL,`level`=0,`materialized_path`="/18",`user_id`=1,`status`=1,`is_system`=true,`is_shared`=false,`file_count`=0,`folder_count`=0,`total_size`=0,`color`="#FF9800",`icon`="archive",`sort_order`=0 WHERE `file_folders`.`deleted_at` IS NULL AND `id` = 18
[GIN] 2025/09/11 - 08:31:10 | 200 |   66.426287ms |       127.0.0.1 | POST     "/api/v1/folders/system/create"
2025/09/11 08:31:10 [DEBUG] 开始验证JWT令牌
2025/09/11 08:31:10 [DEBUG] 令牌字符串长度: 388
2025/09/11 08:31:10 [DEBUG] 令牌字符串前50个字符: eyJhbGciOiJIUzI1NiIsInR5cCI6IkpXVCJ9.eyJ1c2VyX2lkI...
2025/09/11 08:31:10 [DEBUG] JWT密钥长度: 27
2025/09/11 08:31:10 [DEBUG] JWT密钥内容: your-development-secret-key
2025/09/11 08:31:10 [DEBUG] 令牌头部: {"alg":"HS256","typ":"JWT"}
2025/09/11 08:31:10 [DEBUG] 令牌签名方法: HS256
2025/09/11 08:31:10 [DEBUG] 返回密钥进行验证，长度: 27
2025/09/11 08:31:10 [DEBUG] 令牌解析完成，有效性: true
2025/09/11 08:31:10 [DEBUG] 声明类型正确，用户ID: 1, 用户名: test_670433
2025/09/11 08:31:10 [DEBUG] 令牌有效，返回声明

2025/09/11 08:31:10 [32m/mnt/d/暑期项目/HorizonCloudService-main/services/file-service/internal/repository/upload_repository.go:74
[0m[33m[0.814ms] [34;1m[rows:1][0m SELECT count(*) FROM `file_upload_sessions` WHERE user_id = 1 AND `file_upload_sessions`.`deleted_at` IS NULL

2025/09/11 08:31:10 [32m/mnt/d/暑期项目/HorizonCloudService-main/services/file-service/internal/repository/upload_repository.go:82
[0m[33m[0.627ms] [34;1m[rows:1][0m SELECT * FROM `file_upload_sessions` WHERE user_id = 1 AND `file_upload_sessions`.`deleted_at` IS NULL ORDER BY created_at DESC LIMIT 20
[GIN] 2025/09/11 - 08:31:10 | 200 |    2.602958ms |       127.0.0.1 | GET      "/api/v1/upload/sessions"
2025/09/11 08:31:10 [DEBUG] 开始验证JWT令牌
2025/09/11 08:31:10 [DEBUG] 令牌字符串长度: 388
2025/09/11 08:31:10 [DEBUG] 令牌字符串前50个字符: eyJhbGciOiJIUzI1NiIsInR5cCI6IkpXVCJ9.eyJ1c2VyX2lkI...
2025/09/11 08:31:10 [DEBUG] JWT密钥长度: 27
2025/09/11 08:31:10 [DEBUG] JWT密钥内容: your-development-secret-key
2025/09/11 08:31:10 [DEBUG] 令牌头部: {"alg":"HS256","typ":"JWT"}
2025/09/11 08:31:10 [DEBUG] 令牌签名方法: HS256
2025/09/11 08:31:10 [DEBUG] 返回密钥进行验证，长度: 27
2025/09/11 08:31:10 [DEBUG] 令牌解析完成，有效性: true
2025/09/11 08:31:10 [DEBUG] 声明类型正确，用户ID: 1, 用户名: test_670433
2025/09/11 08:31:10 [DEBUG] 令牌有效，返回声明

2025/09/11 08:31:10 [32m/mnt/d/暑期项目/HorizonCloudService-main/services/file-service/internal/repository/file_repository.go:437
[0m[33m[1.083ms] [34;1m[rows:1][0m SELECT COALESCE(SUM(size), 0) as total_size FROM `file_files` WHERE user_id = 1 AND `file_files`.`deleted_at` IS NULL

2025/09/11 08:31:10 [32m/mnt/d/暑期项目/HorizonCloudService-main/services/file-service/internal/repository/file_repository.go:424
[0m[33m[0.693ms] [34;1m[rows:1][0m SELECT count(*) FROM `file_files` WHERE user_id = 1 AND `file_files`.`deleted_at` IS NULL

2025/09/11 08:31:10 [31;1m/mnt/d/暑期项目/HorizonCloudService-main/services/file-service/internal/repository/file_repository.go:119 [35;1mrecord not found
[0m[33m[0.661ms] [34;1m[rows:0][0m SELECT * FROM `file_files` WHERE hash = "1e9111bf619ce1796033127f9ba89d51" AND `file_files`.`deleted_at` IS NULL ORDER BY `file_files`.`id` LIMIT 1

2025/09/11 08:31:10 [32m/mnt/d/暑期项目/HorizonCloudService-main/services/file-service/internal/repository/file_repository.go:98
[0m[33m[15.342ms] [34;1m[rows:1][0m INSERT INTO `file_files` (`created_at`,`updated_at`,`deleted_at`,`name`,`original_name`,`path`,`size`,`content_type`,`extension`,`description`,`hash`,`md5`,`download_url`,`user_id`,`folder_id`,`status`,`category`,`is_public`,`version`,`parent_id`,`is_latest`,`metadata`,`tags`,`storage_tier`,`download_count`,`last_accessed`) VALUES ("2025-09-11 00:31:10.742","2025-09-11 00:31:10.742",NULL,"comprehensive-test.txt","comprehensive-test.txt","1/2025/09/11/1e9111bf619ce1796033127f9ba89d51.txt",831,"text/plain","txt","","1e9111bf619ce1796033127f9ba89d51","","",1,NULL,1,"document",false,1,NULL,true,"{}",(NULL),"hot",0,NULL) RETURNING `id`
[GIN] 2025/09/11 - 08:31:10 | 200 |   22.468284ms |       127.0.0.1 | POST     "/api/v1/upload/simple"
2025/09/11 08:31:10 [DEBUG] 开始验证JWT令牌
2025/09/11 08:31:10 [DEBUG] 令牌字符串长度: 388
2025/09/11 08:31:10 [DEBUG] 令牌字符串前50个字符: eyJhbGciOiJIUzI1NiIsInR5cCI6IkpXVCJ9.eyJ1c2VyX2lkI...
2025/09/11 08:31:10 [DEBUG] JWT密钥长度: 27
2025/09/11 08:31:10 [DEBUG] JWT密钥内容: your-development-secret-key
2025/09/11 08:31:10 [DEBUG] 令牌头部: {"alg":"HS256","typ":"JWT"}
2025/09/11 08:31:10 [DEBUG] 令牌签名方法: HS256
2025/09/11 08:31:10 [DEBUG] 返回密钥进行验证，长度: 27
2025/09/11 08:31:10 [DEBUG] 令牌解析完成，有效性: true
2025/09/11 08:31:10 [DEBUG] 声明类型正确，用户ID: 1, 用户名: test_670433
2025/09/11 08:31:10 [DEBUG] 令牌有效，返回声明

2025/09/11 08:31:10 [32m/mnt/d/暑期项目/HorizonCloudService-main/services/file-service/internal/repository/file_repository.go:437
[0m[33m[0.676ms] [34;1m[rows:1][0m SELECT COALESCE(SUM(size), 0) as total_size FROM `file_files` WHERE user_id = 1 AND `file_files`.`deleted_at` IS NULL

2025/09/11 08:31:10 [32m/mnt/d/暑期项目/HorizonCloudService-main/services/file-service/internal/repository/file_repository.go:424
[0m[33m[0.673ms] [34;1m[rows:1][0m SELECT count(*) FROM `file_files` WHERE user_id = 1 AND `file_files`.`deleted_at` IS NULL

2025/09/11 08:31:10 [32m/mnt/d/暑期项目/HorizonCloudService-main/services/file-service/internal/repository/upload_repository.go:49
[0m[33m[12.289ms] [34;1m[rows:1][0m INSERT INTO `file_upload_sessions` (`created_at`,`updated_at`,`deleted_at`,`session_id`,`file_name`,`file_size`,`content_type`,`user_id`,`folder_id`,`chunk_size`,`total_chunks`,`uploaded_chunks`,`upload_id`,`status`,`progress`,`hash`,`temp_path`,`storage_path`,`expires_at`,`completed_at`,`error_message`,`retry_count`) VALUES ("2025-09-11 00:31:10.761","2025-09-11 00:31:10.761",NULL,"f7de06be3efae274f8244766d51af775","chunked-test.txt",3789,"text/plain",1,NULL,5242880,1,0,"",1,0,"","","","2025-09-12 08:31:10.761",NULL,"",0) RETURNING `id`
[GIN] 2025/09/11 - 08:31:10 | 200 |   14.867066ms |       127.0.0.1 | POST     "/api/v1/upload/initiate"
2025/09/11 08:31:10 [DEBUG] 开始验证JWT令牌
2025/09/11 08:31:10 [DEBUG] 令牌字符串长度: 388
2025/09/11 08:31:10 [DEBUG] 令牌字符串前50个字符: eyJhbGciOiJIUzI1NiIsInR5cCI6IkpXVCJ9.eyJ1c2VyX2lkI...
2025/09/11 08:31:10 [DEBUG] JWT密钥长度: 27
2025/09/11 08:31:10 [DEBUG] JWT密钥内容: your-development-secret-key
2025/09/11 08:31:10 [DEBUG] 令牌头部: {"alg":"HS256","typ":"JWT"}
2025/09/11 08:31:10 [DEBUG] 令牌签名方法: HS256
2025/09/11 08:31:10 [DEBUG] 返回密钥进行验证，长度: 27
2025/09/11 08:31:10 [DEBUG] 令牌解析完成，有效性: true
2025/09/11 08:31:10 [DEBUG] 声明类型正确，用户ID: 1, 用户名: test_670433
2025/09/11 08:31:10 [DEBUG] 令牌有效，返回声明

2025/09/11 08:31:10 [32m/mnt/d/暑期项目/HorizonCloudService-main/services/file-service/internal/repository/upload_repository.go:58
[0m[33m[0.879ms] [34;1m[rows:0][0m SELECT * FROM `file_upload_chunks` WHERE `file_upload_chunks`.`session_id` = "f7de06be3efae274f8244766d51af775" AND `file_upload_chunks`.`deleted_at` IS NULL

2025/09/11 08:31:10 [32m/mnt/d/暑期项目/HorizonCloudService-main/services/file-service/internal/repository/upload_repository.go:58
[0m[33m[1.933ms] [34;1m[rows:1][0m SELECT * FROM `file_upload_sessions` WHERE session_id = "f7de06be3efae274f8244766d51af775" AND `file_upload_sessions`.`deleted_at` IS NULL ORDER BY `file_upload_sessions`.`id` LIMIT 1
[GIN] 2025/09/11 - 08:31:10 | 500 |    3.269453ms |       127.0.0.1 | POST     "/api/v1/upload/chunk"
2025/09/11 08:31:10 [DEBUG] 开始验证JWT令牌
2025/09/11 08:31:10 [DEBUG] 令牌字符串长度: 388
2025/09/11 08:31:10 [DEBUG] 令牌字符串前50个字符: eyJhbGciOiJIUzI1NiIsInR5cCI6IkpXVCJ9.eyJ1c2VyX2lkI...
2025/09/11 08:31:10 [DEBUG] JWT密钥长度: 27
2025/09/11 08:31:10 [DEBUG] JWT密钥内容: your-development-secret-key
2025/09/11 08:31:10 [DEBUG] 令牌头部: {"alg":"HS256","typ":"JWT"}
2025/09/11 08:31:10 [DEBUG] 令牌签名方法: HS256
2025/09/11 08:31:10 [DEBUG] 返回密钥进行验证，长度: 27
2025/09/11 08:31:10 [DEBUG] 令牌解析完成，有效性: true
2025/09/11 08:31:10 [DEBUG] 声明类型正确，用户ID: 1, 用户名: test_670433
2025/09/11 08:31:10 [DEBUG] 令牌有效，返回声明

2025/09/11 08:31:10 [32m/mnt/d/暑期项目/HorizonCloudService-main/services/file-service/internal/repository/upload_repository.go:74
[0m[33m[0.651ms] [34;1m[rows:1][0m SELECT count(*) FROM `file_upload_sessions` WHERE user_id = 1 AND `file_upload_sessions`.`deleted_at` IS NULL

2025/09/11 08:31:10 [32m/mnt/d/暑期项目/HorizonCloudService-main/services/file-service/internal/repository/upload_repository.go:82
[0m[33m[0.695ms] [34;1m[rows:2][0m SELECT * FROM `file_upload_sessions` WHERE user_id = 1 AND `file_upload_sessions`.`deleted_at` IS NULL ORDER BY created_at DESC LIMIT 1000
[GIN] 2025/09/11 - 08:31:10 | 200 |    2.431147ms |       127.0.0.1 | GET      "/api/v1/upload/statistics"
2025/09/11 08:31:10 [DEBUG] 开始验证JWT令牌
2025/09/11 08:31:10 [DEBUG] 令牌字符串长度: 388
2025/09/11 08:31:10 [DEBUG] 令牌字符串前50个字符: eyJhbGciOiJIUzI1NiIsInR5cCI6IkpXVCJ9.eyJ1c2VyX2lkI...
2025/09/11 08:31:10 [DEBUG] JWT密钥长度: 27
2025/09/11 08:31:10 [DEBUG] JWT密钥内容: your-development-secret-key
2025/09/11 08:31:10 [DEBUG] 令牌头部: {"alg":"HS256","typ":"JWT"}
2025/09/11 08:31:10 [DEBUG] 令牌签名方法: HS256
2025/09/11 08:31:10 [DEBUG] 返回密钥进行验证，长度: 27
2025/09/11 08:31:10 [DEBUG] 令牌解析完成，有效性: true
2025/09/11 08:31:10 [DEBUG] 声明类型正确，用户ID: 1, 用户名: test_670433
2025/09/11 08:31:10 [DEBUG] 令牌有效，返回声明

2025/09/11 08:31:10 [32m/mnt/d/暑期项目/HorizonCloudService-main/services/file-service/internal/repository/upload_repository.go:74
[0m[33m[0.659ms] [34;1m[rows:1][0m SELECT count(*) FROM `file_upload_sessions` WHERE user_id = 1 AND `file_upload_sessions`.`deleted_at` IS NULL

2025/09/11 08:31:10 [32m/mnt/d/暑期项目/HorizonCloudService-main/services/file-service/internal/repository/upload_repository.go:82
[0m[33m[0.661ms] [34;1m[rows:2][0m SELECT * FROM `file_upload_sessions` WHERE user_id = 1 AND `file_upload_sessions`.`deleted_at` IS NULL ORDER BY created_at DESC LIMIT 20
[GIN] 2025/09/11 - 08:31:10 | 200 |    2.320419ms |       127.0.0.1 | GET      "/api/v1/upload/sessions"
2025/09/11 08:31:10 [DEBUG] 开始验证JWT令牌
2025/09/11 08:31:10 [DEBUG] 令牌字符串长度: 388
2025/09/11 08:31:10 [DEBUG] 令牌字符串前50个字符: eyJhbGciOiJIUzI1NiIsInR5cCI6IkpXVCJ9.eyJ1c2VyX2lkI...
2025/09/11 08:31:10 [DEBUG] JWT密钥长度: 27
2025/09/11 08:31:10 [DEBUG] JWT密钥内容: your-development-secret-key
2025/09/11 08:31:10 [DEBUG] 令牌头部: {"alg":"HS256","typ":"JWT"}
2025/09/11 08:31:10 [DEBUG] 令牌签名方法: HS256
2025/09/11 08:31:10 [DEBUG] 返回密钥进行验证，长度: 27
2025/09/11 08:31:10 [DEBUG] 令牌解析完成，有效性: true
2025/09/11 08:31:10 [DEBUG] 声明类型正确，用户ID: 1, 用户名: test_670433
2025/09/11 08:31:10 [DEBUG] 令牌有效，返回声明

2025/09/11 08:31:10 [32m/mnt/d/暑期项目/HorizonCloudService-main/services/file-service/internal/repository/file_repository.go:164
[0m[33m[0.690ms] [34;1m[rows:1][0m SELECT count(*) FROM `file_files` WHERE user_id = 1 AND folder_id IS NULL AND status = 1 AND `file_files`.`deleted_at` IS NULL

2025/09/11 08:31:10 [32m/mnt/d/暑期项目/HorizonCloudService-main/services/file-service/internal/repository/file_repository.go:177
[0m[33m[0.616ms] [34;1m[rows:0][0m SELECT * FROM `file_thumbnails` WHERE `file_thumbnails`.`file_id` IN (4,2,1) AND `file_thumbnails`.`deleted_at` IS NULL

2025/09/11 08:31:10 [32m/mnt/d/暑期项目/HorizonCloudService-main/services/file-service/internal/repository/file_repository.go:177
[0m[33m[1.460ms] [34;1m[rows:3][0m SELECT * FROM `file_files` WHERE user_id = 1 AND folder_id IS NULL AND status = 1 AND `file_files`.`deleted_at` IS NULL ORDER BY created_at DESC LIMIT 20
[GIN] 2025/09/11 - 08:31:10 | 200 |    3.367121ms |       127.0.0.1 | GET      "/api/v1/files"
[GIN] 2025/09/11 - 08:54:20 | 200 |    6.221483ms |       127.0.0.1 | GET      "/api/v1/health"
[GIN] 2025/09/11 - 08:54:20 | 200 |    2.616545ms |       127.0.0.1 | GET      "/api/v1/health/ready"
[GIN] 2025/09/11 - 08:54:20 | 200 |       13.82µs |       127.0.0.1 | GET      "/api/v1/health/metrics"
[GIN] 2025/09/11 - 08:54:20 | 200 |       8.437µs |       127.0.0.1 | GET      "/api/v1/health/stats"
2025/09/11 08:54:20 [DEBUG] 开始验证JWT令牌
2025/09/11 08:54:20 [DEBUG] 令牌字符串长度: 388
2025/09/11 08:54:20 [DEBUG] 令牌字符串前50个字符: eyJhbGciOiJIUzI1NiIsInR5cCI6IkpXVCJ9.eyJ1c2VyX2lkI...
2025/09/11 08:54:20 [DEBUG] JWT密钥长度: 27
2025/09/11 08:54:20 [DEBUG] JWT密钥内容: your-development-secret-key
2025/09/11 08:54:20 [DEBUG] 令牌头部: {"alg":"HS256","typ":"JWT"}
2025/09/11 08:54:20 [DEBUG] 令牌签名方法: HS256
2025/09/11 08:54:20 [DEBUG] 返回密钥进行验证，长度: 27
2025/09/11 08:54:20 [DEBUG] 令牌解析完成，有效性: true
2025/09/11 08:54:20 [DEBUG] 声明类型正确，用户ID: 2, 用户名: test_060645
2025/09/11 08:54:20 [DEBUG] 令牌有效，返回声明
[GIN] 2025/09/11 - 08:54:20 | 200 |    1.150904ms |       127.0.0.1 | GET      "/api/v1/auth/me"
2025/09/11 08:54:20 [DEBUG] 开始验证JWT令牌
2025/09/11 08:54:20 [DEBUG] 令牌字符串长度: 388
2025/09/11 08:54:20 [DEBUG] 令牌字符串前50个字符: eyJhbGciOiJIUzI1NiIsInR5cCI6IkpXVCJ9.eyJ1c2VyX2lkI...
2025/09/11 08:54:20 [DEBUG] JWT密钥长度: 27
2025/09/11 08:54:20 [DEBUG] JWT密钥内容: your-development-secret-key
2025/09/11 08:54:20 [DEBUG] 令牌头部: {"alg":"HS256","typ":"JWT"}
2025/09/11 08:54:20 [DEBUG] 令牌签名方法: HS256
2025/09/11 08:54:20 [DEBUG] 返回密钥进行验证，长度: 27
2025/09/11 08:54:20 [DEBUG] 令牌解析完成，有效性: true
2025/09/11 08:54:20 [DEBUG] 声明类型正确，用户ID: 2, 用户名: test_060645
2025/09/11 08:54:20 [DEBUG] 令牌有效，返回声明

2025/09/11 08:54:20 [32m/mnt/d/暑期项目/HorizonCloudService-main/services/file-service/internal/repository/file_repository.go:164
[0m[33m[1.528ms] [34;1m[rows:1][0m SELECT count(*) FROM `file_files` WHERE user_id = 2 AND folder_id IS NULL AND status = 1 AND `file_files`.`deleted_at` IS NULL

2025/09/11 08:54:20 [32m/mnt/d/暑期项目/HorizonCloudService-main/services/file-service/internal/repository/file_repository.go:177
[0m[33m[0.673ms] [34;1m[rows:0][0m SELECT * FROM `file_thumbnails` WHERE `file_thumbnails`.`file_id` = 3 AND `file_thumbnails`.`deleted_at` IS NULL

2025/09/11 08:54:20 [32m/mnt/d/暑期项目/HorizonCloudService-main/services/file-service/internal/repository/file_repository.go:177
[0m[33m[2.070ms] [34;1m[rows:1][0m SELECT * FROM `file_files` WHERE user_id = 2 AND folder_id IS NULL AND status = 1 AND `file_files`.`deleted_at` IS NULL ORDER BY created_at DESC LIMIT 20
[GIN] 2025/09/11 - 08:54:20 | 200 |       4.714ms |       127.0.0.1 | GET      "/api/v1/files"
2025/09/11 08:54:20 [DEBUG] 开始验证JWT令牌
2025/09/11 08:54:20 [DEBUG] 令牌字符串长度: 388
2025/09/11 08:54:20 [DEBUG] 令牌字符串前50个字符: eyJhbGciOiJIUzI1NiIsInR5cCI6IkpXVCJ9.eyJ1c2VyX2lkI...
2025/09/11 08:54:20 [DEBUG] JWT密钥长度: 27
2025/09/11 08:54:20 [DEBUG] JWT密钥内容: your-development-secret-key
2025/09/11 08:54:20 [DEBUG] 令牌头部: {"alg":"HS256","typ":"JWT"}
2025/09/11 08:54:20 [DEBUG] 令牌签名方法: HS256
2025/09/11 08:54:20 [DEBUG] 返回密钥进行验证，长度: 27
2025/09/11 08:54:20 [DEBUG] 令牌解析完成，有效性: true
2025/09/11 08:54:20 [DEBUG] 声明类型正确，用户ID: 2, 用户名: test_060645
2025/09/11 08:54:20 [DEBUG] 令牌有效，返回声明

2025/09/11 08:54:20 [32m/mnt/d/暑期项目/HorizonCloudService-main/services/file-service/internal/repository/folder_repository.go:175
[0m[33m[0.984ms] [34;1m[rows:6][0m SELECT * FROM `file_folders` WHERE (user_id = 2 AND parent_id IS NULL) AND `file_folders`.`deleted_at` IS NULL ORDER BY sort_order ASC, name ASC
[GIN] 2025/09/11 - 08:54:20 | 200 |    2.144443ms |       127.0.0.1 | GET      "/api/v1/folders"
2025/09/11 08:54:20 [DEBUG] 开始验证JWT令牌
2025/09/11 08:54:20 [DEBUG] 令牌字符串长度: 388
2025/09/11 08:54:20 [DEBUG] 令牌字符串前50个字符: eyJhbGciOiJIUzI1NiIsInR5cCI6IkpXVCJ9.eyJ1c2VyX2lkI...
2025/09/11 08:54:20 [DEBUG] JWT密钥长度: 27
2025/09/11 08:54:20 [DEBUG] JWT密钥内容: your-development-secret-key
2025/09/11 08:54:20 [DEBUG] 令牌头部: {"alg":"HS256","typ":"JWT"}
2025/09/11 08:54:20 [DEBUG] 令牌签名方法: HS256
2025/09/11 08:54:20 [DEBUG] 返回密钥进行验证，长度: 27
2025/09/11 08:54:20 [DEBUG] 令牌解析完成，有效性: true
2025/09/11 08:54:20 [DEBUG] 声明类型正确，用户ID: 2, 用户名: test_060645
2025/09/11 08:54:20 [DEBUG] 令牌有效，返回声明

2025/09/11 08:54:20 [32m/mnt/d/暑期项目/HorizonCloudService-main/services/file-service/internal/repository/file_repository.go:437
[0m[33m[0.640ms] [34;1m[rows:1][0m SELECT COALESCE(SUM(size), 0) as total_size FROM `file_files` WHERE user_id = 2 AND `file_files`.`deleted_at` IS NULL

2025/09/11 08:54:20 [32m/mnt/d/暑期项目/HorizonCloudService-main/services/file-service/internal/repository/file_repository.go:424
[0m[33m[0.582ms] [34;1m[rows:1][0m SELECT count(*) FROM `file_files` WHERE user_id = 2 AND `file_files`.`deleted_at` IS NULL
[GIN] 2025/09/11 - 08:54:20 | 200 |    2.394953ms |       127.0.0.1 | GET      "/api/v1/quota/status"
2025/09/11 08:54:20 [DEBUG] 开始验证JWT令牌
2025/09/11 08:54:20 [DEBUG] 令牌字符串长度: 388
2025/09/11 08:54:20 [DEBUG] 令牌字符串前50个字符: eyJhbGciOiJIUzI1NiIsInR5cCI6IkpXVCJ9.eyJ1c2VyX2lkI...
2025/09/11 08:54:20 [DEBUG] JWT密钥长度: 27
2025/09/11 08:54:20 [DEBUG] JWT密钥内容: your-development-secret-key
2025/09/11 08:54:20 [DEBUG] 令牌头部: {"alg":"HS256","typ":"JWT"}
2025/09/11 08:54:20 [DEBUG] 令牌签名方法: HS256
2025/09/11 08:54:20 [DEBUG] 返回密钥进行验证，长度: 27
2025/09/11 08:54:20 [DEBUG] 令牌解析完成，有效性: true
2025/09/11 08:54:20 [DEBUG] 声明类型正确，用户ID: 2, 用户名: test_060645
2025/09/11 08:54:20 [DEBUG] 令牌有效，返回声明

2025/09/11 08:54:20 [31;1m/mnt/d/暑期项目/HorizonCloudService-main/services/file-service/internal/repository/file_repository.go:200 [35;1munrecognized token: "@"
[0m[33m[0.025ms] [34;1m[rows:0][0m SELECT count(*) FROM `file_files` WHERE user_id = 2 AND (to_tsvector('simple', name) @@ plainto_tsquery('simple', "test") OR to_tsvector('simple', original_name) @@ plainto_tsquery('simple', "test") OR name ILIKE "%test%" OR original_name ILIKE "%test%") AND size >= 0 AND size <= 0 AND status = 1 AND created_at >= "" AND created_at <= "" AND `file_files`.`deleted_at` IS NULL
[GIN] 2025/09/11 - 08:54:20 | 500 |     961.014µs |       127.0.0.1 | GET      "/api/v1/files/search?q=test&limit=10&offset=0"
2025/09/11 08:54:20 [DEBUG] 开始验证JWT令牌
2025/09/11 08:54:20 [DEBUG] 令牌字符串长度: 388
2025/09/11 08:54:20 [DEBUG] 令牌字符串前50个字符: eyJhbGciOiJIUzI1NiIsInR5cCI6IkpXVCJ9.eyJ1c2VyX2lkI...
2025/09/11 08:54:20 [DEBUG] JWT密钥长度: 27
2025/09/11 08:54:20 [DEBUG] JWT密钥内容: your-development-secret-key
2025/09/11 08:54:20 [DEBUG] 令牌头部: {"alg":"HS256","typ":"JWT"}
2025/09/11 08:54:20 [DEBUG] 令牌签名方法: HS256
2025/09/11 08:54:20 [DEBUG] 返回密钥进行验证，长度: 27
2025/09/11 08:54:20 [DEBUG] 令牌解析完成，有效性: true
2025/09/11 08:54:20 [DEBUG] 声明类型正确，用户ID: 2, 用户名: test_060645
2025/09/11 08:54:20 [DEBUG] 令牌有效，返回声明

2025/09/11 08:54:20 [32m/mnt/d/暑期项目/HorizonCloudService-main/services/file-service/internal/repository/file_repository.go:424
[0m[33m[0.828ms] [34;1m[rows:1][0m SELECT count(*) FROM `file_files` WHERE user_id = 2 AND `file_files`.`deleted_at` IS NULL

2025/09/11 08:54:20 [32m/mnt/d/暑期项目/HorizonCloudService-main/services/file-service/internal/repository/file_repository.go:437
[0m[33m[0.627ms] [34;1m[rows:1][0m SELECT COALESCE(SUM(size), 0) as total_size FROM `file_files` WHERE user_id = 2 AND `file_files`.`deleted_at` IS NULL

2025/09/11 08:54:20 [32m/mnt/d/暑期项目/HorizonCloudService-main/services/file-service/internal/repository/folder_repository.go:165
[0m[33m[0.753ms] [34;1m[rows:6][0m SELECT * FROM `file_folders` WHERE user_id = 2 AND `file_folders`.`deleted_at` IS NULL ORDER BY level ASC, name ASC
[GIN] 2025/09/11 - 08:54:20 | 200 |    3.346913ms |       127.0.0.1 | GET      "/api/v1/files/stats"
2025/09/11 08:54:20 [DEBUG] 开始验证JWT令牌
2025/09/11 08:54:20 [DEBUG] 令牌字符串长度: 388
2025/09/11 08:54:20 [DEBUG] 令牌字符串前50个字符: eyJhbGciOiJIUzI1NiIsInR5cCI6IkpXVCJ9.eyJ1c2VyX2lkI...
2025/09/11 08:54:20 [DEBUG] JWT密钥长度: 27
2025/09/11 08:54:20 [DEBUG] JWT密钥内容: your-development-secret-key
2025/09/11 08:54:20 [DEBUG] 令牌头部: {"alg":"HS256","typ":"JWT"}
2025/09/11 08:54:20 [DEBUG] 令牌签名方法: HS256
2025/09/11 08:54:20 [DEBUG] 返回密钥进行验证，长度: 27
2025/09/11 08:54:20 [DEBUG] 令牌解析完成，有效性: true
2025/09/11 08:54:20 [DEBUG] 声明类型正确，用户ID: 2, 用户名: test_060645
2025/09/11 08:54:20 [DEBUG] 令牌有效，返回声明

2025/09/11 08:54:20 [32m/mnt/d/暑期项目/HorizonCloudService-main/services/file-service/internal/repository/file_repository.go:437
[0m[33m[0.644ms] [34;1m[rows:1][0m SELECT COALESCE(SUM(size), 0) as total_size FROM `file_files` WHERE user_id = 2 AND `file_files`.`deleted_at` IS NULL

2025/09/11 08:54:20 [32m/mnt/d/暑期项目/HorizonCloudService-main/services/file-service/internal/repository/file_repository.go:424
[0m[33m[0.772ms] [34;1m[rows:1][0m SELECT count(*) FROM `file_files` WHERE user_id = 2 AND `file_files`.`deleted_at` IS NULL

2025/09/11 08:54:20 [32m/mnt/d/暑期项目/HorizonCloudService-main/services/file-service/internal/repository/file_repository.go:453
[0m[33m[0.656ms] [34;1m[rows:1][0m SELECT category, COUNT(*) as count FROM `file_files` WHERE user_id = 2 AND `file_files`.`deleted_at` IS NULL GROUP BY `category`

2025/09/11 08:54:20 [32m/mnt/d/暑期项目/HorizonCloudService-main/services/file-service/internal/repository/file_repository.go:477
[0m[33m[0.588ms] [34;1m[rows:1][0m SELECT storage_tier, COALESCE(SUM(size), 0) as total_size FROM `file_files` WHERE user_id = 2 AND `file_files`.`deleted_at` IS NULL GROUP BY `storage_tier`
[GIN] 2025/09/11 - 08:54:20 | 200 |    4.269914ms |       127.0.0.1 | GET      "/api/v1/files/storage-stats"
2025/09/11 08:54:20 [DEBUG] 开始验证JWT令牌
2025/09/11 08:54:20 [DEBUG] 令牌字符串长度: 388
2025/09/11 08:54:20 [DEBUG] 令牌字符串前50个字符: eyJhbGciOiJIUzI1NiIsInR5cCI6IkpXVCJ9.eyJ1c2VyX2lkI...
2025/09/11 08:54:20 [DEBUG] JWT密钥长度: 27
2025/09/11 08:54:20 [DEBUG] JWT密钥内容: your-development-secret-key
2025/09/11 08:54:20 [DEBUG] 令牌头部: {"alg":"HS256","typ":"JWT"}
2025/09/11 08:54:20 [DEBUG] 令牌签名方法: HS256
2025/09/11 08:54:20 [DEBUG] 返回密钥进行验证，长度: 27
2025/09/11 08:54:20 [DEBUG] 令牌解析完成，有效性: true
2025/09/11 08:54:20 [DEBUG] 声明类型正确，用户ID: 2, 用户名: test_060645
2025/09/11 08:54:20 [DEBUG] 令牌有效，返回声明

2025/09/11 08:54:20 [32m/mnt/d/暑期项目/HorizonCloudService-main/services/file-service/internal/repository/file_repository.go:164
[0m[33m[0.675ms] [34;1m[rows:1][0m SELECT count(*) FROM `file_files` WHERE user_id = 2 AND folder_id IS NULL AND status = 1 AND `file_files`.`deleted_at` IS NULL

2025/09/11 08:54:20 [32m/mnt/d/暑期项目/HorizonCloudService-main/services/file-service/internal/repository/file_repository.go:177
[0m[33m[1.556ms] [34;1m[rows:0][0m SELECT * FROM `file_thumbnails` WHERE `file_thumbnails`.`file_id` = 3 AND `file_thumbnails`.`deleted_at` IS NULL

2025/09/11 08:54:20 [32m/mnt/d/暑期项目/HorizonCloudService-main/services/file-service/internal/repository/file_repository.go:177
[0m[33m[2.433ms] [34;1m[rows:1][0m SELECT * FROM `file_files` WHERE user_id = 2 AND folder_id IS NULL AND status = 1 AND `file_files`.`deleted_at` IS NULL ORDER BY created_at DESC LIMIT 10000
[GIN] 2025/09/11 - 08:54:20 | 200 |    4.207065ms |       127.0.0.1 | GET      "/api/v1/files/duplicates"
2025/09/11 08:54:20 [DEBUG] 开始验证JWT令牌
2025/09/11 08:54:20 [DEBUG] 令牌字符串长度: 388
2025/09/11 08:54:20 [DEBUG] 令牌字符串前50个字符: eyJhbGciOiJIUzI1NiIsInR5cCI6IkpXVCJ9.eyJ1c2VyX2lkI...
2025/09/11 08:54:20 [DEBUG] JWT密钥长度: 27
2025/09/11 08:54:20 [DEBUG] JWT密钥内容: your-development-secret-key
2025/09/11 08:54:20 [DEBUG] 令牌头部: {"alg":"HS256","typ":"JWT"}
2025/09/11 08:54:20 [DEBUG] 令牌签名方法: HS256
2025/09/11 08:54:20 [DEBUG] 返回密钥进行验证，长度: 27
2025/09/11 08:54:20 [DEBUG] 令牌解析完成，有效性: true
2025/09/11 08:54:20 [DEBUG] 声明类型正确，用户ID: 2, 用户名: test_060645
2025/09/11 08:54:20 [DEBUG] 令牌有效，返回声明

2025/09/11 08:54:20 [32m/mnt/d/暑期项目/HorizonCloudService-main/services/file-service/internal/repository/file_repository.go:164
[0m[33m[0.667ms] [34;1m[rows:1][0m SELECT count(*) FROM `file_files` WHERE user_id = 2 AND folder_id IS NULL AND status = 1 AND `file_files`.`deleted_at` IS NULL

2025/09/11 08:54:20 [32m/mnt/d/暑期项目/HorizonCloudService-main/services/file-service/internal/repository/file_repository.go:177
[0m[33m[0.591ms] [34;1m[rows:0][0m SELECT * FROM `file_thumbnails` WHERE `file_thumbnails`.`file_id` = 3 AND `file_thumbnails`.`deleted_at` IS NULL

2025/09/11 08:54:20 [32m/mnt/d/暑期项目/HorizonCloudService-main/services/file-service/internal/repository/file_repository.go:177
[0m[33m[1.398ms] [34;1m[rows:1][0m SELECT * FROM `file_files` WHERE user_id = 2 AND folder_id IS NULL AND status = 1 AND `file_files`.`deleted_at` IS NULL ORDER BY created_at DESC LIMIT 20
[GIN] 2025/09/11 - 08:54:20 | 200 |    3.272948ms |       127.0.0.1 | GET      "/api/v1/files?limit=1"
2025/09/11 08:54:20 [DEBUG] 开始验证JWT令牌
2025/09/11 08:54:20 [DEBUG] 令牌字符串长度: 388
2025/09/11 08:54:20 [DEBUG] 令牌字符串前50个字符: eyJhbGciOiJIUzI1NiIsInR5cCI6IkpXVCJ9.eyJ1c2VyX2lkI...
2025/09/11 08:54:20 [DEBUG] JWT密钥长度: 27
2025/09/11 08:54:20 [DEBUG] JWT密钥内容: your-development-secret-key
2025/09/11 08:54:20 [DEBUG] 令牌头部: {"alg":"HS256","typ":"JWT"}
2025/09/11 08:54:20 [DEBUG] 令牌签名方法: HS256
2025/09/11 08:54:20 [DEBUG] 返回密钥进行验证，长度: 27
2025/09/11 08:54:20 [DEBUG] 令牌解析完成，有效性: true
2025/09/11 08:54:20 [DEBUG] 声明类型正确，用户ID: 2, 用户名: test_060645
2025/09/11 08:54:20 [DEBUG] 令牌有效，返回声明

2025/09/11 08:54:20 [32m/mnt/d/暑期项目/HorizonCloudService-main/services/file-service/internal/repository/folder_repository.go:421
[0m[33m[0.749ms] [34;1m[rows:1][0m SELECT * FROM `file_folders` WHERE (user_id = 2 AND name = "完整测试文件夹") AND parent_id IS NULL AND `file_folders`.`deleted_at` IS NULL ORDER BY `file_folders`.`id` LIMIT 1
[GIN] 2025/09/11 - 08:54:20 | 500 |    2.079909ms |       127.0.0.1 | POST     "/api/v1/folders"
2025/09/11 08:54:20 [DEBUG] 开始验证JWT令牌
2025/09/11 08:54:20 [DEBUG] 令牌字符串长度: 388
2025/09/11 08:54:20 [DEBUG] 令牌字符串前50个字符: eyJhbGciOiJIUzI1NiIsInR5cCI6IkpXVCJ9.eyJ1c2VyX2lkI...
2025/09/11 08:54:20 [DEBUG] JWT密钥长度: 27
2025/09/11 08:54:20 [DEBUG] JWT密钥内容: your-development-secret-key
2025/09/11 08:54:20 [DEBUG] 令牌头部: {"alg":"HS256","typ":"JWT"}
2025/09/11 08:54:20 [DEBUG] 令牌签名方法: HS256
2025/09/11 08:54:20 [DEBUG] 返回密钥进行验证，长度: 27
2025/09/11 08:54:20 [DEBUG] 令牌解析完成，有效性: true
2025/09/11 08:54:20 [DEBUG] 声明类型正确，用户ID: 2, 用户名: test_060645
2025/09/11 08:54:20 [DEBUG] 令牌有效，返回声明

2025/09/11 08:54:20 [32m/mnt/d/暑期项目/HorizonCloudService-main/services/file-service/internal/repository/folder_repository.go:193
[0m[33m[0.898ms] [34;1m[rows:6][0m SELECT * FROM `file_folders` WHERE user_id = 2 AND `file_folders`.`deleted_at` IS NULL ORDER BY level ASC, name ASC
[GIN] 2025/09/11 - 08:54:20 | 200 |     5.33692ms |       127.0.0.1 | GET      "/api/v1/folders/tree"
2025/09/11 08:54:20 [DEBUG] 开始验证JWT令牌
2025/09/11 08:54:20 [DEBUG] 令牌字符串长度: 388
2025/09/11 08:54:20 [DEBUG] 令牌字符串前50个字符: eyJhbGciOiJIUzI1NiIsInR5cCI6IkpXVCJ9.eyJ1c2VyX2lkI...
2025/09/11 08:54:20 [DEBUG] JWT密钥长度: 27
2025/09/11 08:54:20 [DEBUG] JWT密钥内容: your-development-secret-key
2025/09/11 08:54:20 [DEBUG] 令牌头部: {"alg":"HS256","typ":"JWT"}
2025/09/11 08:54:20 [DEBUG] 令牌签名方法: HS256
2025/09/11 08:54:20 [DEBUG] 返回密钥进行验证，长度: 27
2025/09/11 08:54:20 [DEBUG] 令牌解析完成，有效性: true
2025/09/11 08:54:20 [DEBUG] 声明类型正确，用户ID: 2, 用户名: test_060645
2025/09/11 08:54:20 [DEBUG] 令牌有效，返回声明

2025/09/11 08:54:20 [31;1m/mnt/d/暑期项目/HorizonCloudService-main/services/file-service/internal/repository/folder_repository.go:396 [35;1munrecognized token: "@"
[0m[33m[0.027ms] [34;1m[rows:0][0m SELECT count(*) FROM `file_folders` WHERE user_id = 2 AND (to_tsvector('simple', name) @@ plainto_tsquery('simple', "完整测试") OR name ILIKE "%完整测试%") AND `file_folders`.`deleted_at` IS NULL
[GIN] 2025/09/11 - 08:54:20 | 500 |     994.787µs |       127.0.0.1 | GET      "/api/v1/folders/search?q=%E5%AE%8C%E6%95%B4%E6%B5%8B%E8%AF%95&limit=10&offset=0"
2025/09/11 08:54:20 [DEBUG] 开始验证JWT令牌
2025/09/11 08:54:20 [DEBUG] 令牌字符串长度: 388
2025/09/11 08:54:20 [DEBUG] 令牌字符串前50个字符: eyJhbGciOiJIUzI1NiIsInR5cCI6IkpXVCJ9.eyJ1c2VyX2lkI...
2025/09/11 08:54:20 [DEBUG] JWT密钥长度: 27
2025/09/11 08:54:20 [DEBUG] JWT密钥内容: your-development-secret-key
2025/09/11 08:54:20 [DEBUG] 令牌头部: {"alg":"HS256","typ":"JWT"}
2025/09/11 08:54:20 [DEBUG] 令牌签名方法: HS256
2025/09/11 08:54:20 [DEBUG] 返回密钥进行验证，长度: 27
2025/09/11 08:54:20 [DEBUG] 令牌解析完成，有效性: true
2025/09/11 08:54:20 [DEBUG] 声明类型正确，用户ID: 2, 用户名: test_060645
2025/09/11 08:54:20 [DEBUG] 令牌有效，返回声明

2025/09/11 08:54:20 [31;1m/mnt/d/暑期项目/HorizonCloudService-main/services/file-service/internal/repository/folder_repository.go:112 [35;1mrecord not found
[0m[33m[0.767ms] [34;1m[rows:0][0m SELECT * FROM `file_folders` WHERE (user_id = 2 AND path = "/") AND `file_folders`.`deleted_at` IS NULL ORDER BY `file_folders`.`id` LIMIT 1
[GIN] 2025/09/11 - 08:54:20 | 404 |    1.815481ms |       127.0.0.1 | GET      "/api/v1/folders/by-path?path=%2F"
2025/09/11 08:54:20 [DEBUG] 开始验证JWT令牌
2025/09/11 08:54:20 [DEBUG] 令牌字符串长度: 388
2025/09/11 08:54:20 [DEBUG] 令牌字符串前50个字符: eyJhbGciOiJIUzI1NiIsInR5cCI6IkpXVCJ9.eyJ1c2VyX2lkI...
2025/09/11 08:54:20 [DEBUG] JWT密钥长度: 27
2025/09/11 08:54:20 [DEBUG] JWT密钥内容: your-development-secret-key
2025/09/11 08:54:20 [DEBUG] 令牌头部: {"alg":"HS256","typ":"JWT"}
2025/09/11 08:54:20 [DEBUG] 令牌签名方法: HS256
2025/09/11 08:54:20 [DEBUG] 返回密钥进行验证，长度: 27
2025/09/11 08:54:20 [DEBUG] 令牌解析完成，有效性: true
2025/09/11 08:54:20 [DEBUG] 声明类型正确，用户ID: 2, 用户名: test_060645
2025/09/11 08:54:20 [DEBUG] 令牌有效，返回声明

2025/09/11 08:54:20 [32m/mnt/d/暑期项目/HorizonCloudService-main/services/file-service/internal/repository/folder_repository.go:73
[0m[33m[5.162ms] [34;1m[rows:1][0m INSERT INTO `file_folders` (`created_at`,`updated_at`,`deleted_at`,`name`,`path`,`description`,`parent_id`,`level`,`materialized_path`,`user_id`,`status`,`is_system`,`is_shared`,`file_count`,`folder_count`,`total_size`,`color`,`icon`,`sort_order`) VALUES ("2025-09-11 00:54:20.864","2025-09-11 00:54:20.864",NULL,"Images","/Images","",NULL,0,"",2,1,true,false,0,0,0,"#4CAF50","image",0) RETURNING `id`

2025/09/11 08:54:20 [32m/mnt/d/暑期项目/HorizonCloudService-main/services/file-service/internal/repository/folder_repository.go:91
[0m[33m[0.109ms] [34;1m[rows:1][0m UPDATE `file_folders` SET `created_at`="2025-09-11 00:54:20.864",`updated_at`="2025-09-11 00:54:20.869",`deleted_at`=NULL,`name`="Images",`path`="/Images",`description`="",`parent_id`=NULL,`level`=0,`materialized_path`="/19",`user_id`=2,`status`=1,`is_system`=true,`is_shared`=false,`file_count`=0,`folder_count`=0,`total_size`=0,`color`="#4CAF50",`icon`="image",`sort_order`=0 WHERE `file_folders`.`deleted_at` IS NULL AND `id` = 19

2025/09/11 08:54:20 [32m/mnt/d/暑期项目/HorizonCloudService-main/services/file-service/internal/repository/folder_repository.go:73
[0m[33m[4.270ms] [34;1m[rows:1][0m INSERT INTO `file_folders` (`created_at`,`updated_at`,`deleted_at`,`name`,`path`,`description`,`parent_id`,`level`,`materialized_path`,`user_id`,`status`,`is_system`,`is_shared`,`file_count`,`folder_count`,`total_size`,`color`,`icon`,`sort_order`) VALUES ("2025-09-11 00:54:20.877","2025-09-11 00:54:20.877",NULL,"Videos","/Videos","",NULL,0,"",2,1,true,false,0,0,0,"#FF5722","video",0) RETURNING `id`

2025/09/11 08:54:20 [32m/mnt/d/暑期项目/HorizonCloudService-main/services/file-service/internal/repository/folder_repository.go:91
[0m[33m[0.097ms] [34;1m[rows:1][0m UPDATE `file_folders` SET `created_at`="2025-09-11 00:54:20.877",`updated_at`="2025-09-11 00:54:20.882",`deleted_at`=NULL,`name`="Videos",`path`="/Videos",`description`="",`parent_id`=NULL,`level`=0,`materialized_path`="/20",`user_id`=2,`status`=1,`is_system`=true,`is_shared`=false,`file_count`=0,`folder_count`=0,`total_size`=0,`color`="#FF5722",`icon`="video",`sort_order`=0 WHERE `file_folders`.`deleted_at` IS NULL AND `id` = 20

2025/09/11 08:54:20 [32m/mnt/d/暑期项目/HorizonCloudService-main/services/file-service/internal/repository/folder_repository.go:73
[0m[33m[4.312ms] [34;1m[rows:1][0m INSERT INTO `file_folders` (`created_at`,`updated_at`,`deleted_at`,`name`,`path`,`description`,`parent_id`,`level`,`materialized_path`,`user_id`,`status`,`is_system`,`is_shared`,`file_count`,`folder_count`,`total_size`,`color`,`icon`,`sort_order`) VALUES ("2025-09-11 00:54:20.89","2025-09-11 00:54:20.89",NULL,"Audios","/Audios","",NULL,0,"",2,1,true,false,0,0,0,"#9C27B0","audio",0) RETURNING `id`

2025/09/11 08:54:20 [32m/mnt/d/暑期项目/HorizonCloudService-main/services/file-service/internal/repository/folder_repository.go:91
[0m[33m[0.088ms] [34;1m[rows:1][0m UPDATE `file_folders` SET `created_at`="2025-09-11 00:54:20.89",`updated_at`="2025-09-11 00:54:20.894",`deleted_at`=NULL,`name`="Audios",`path`="/Audios",`description`="",`parent_id`=NULL,`level`=0,`materialized_path`="/21",`user_id`=2,`status`=1,`is_system`=true,`is_shared`=false,`file_count`=0,`folder_count`=0,`total_size`=0,`color`="#9C27B0",`icon`="audio",`sort_order`=0 WHERE `file_folders`.`deleted_at` IS NULL AND `id` = 21

2025/09/11 08:54:20 [32m/mnt/d/暑期项目/HorizonCloudService-main/services/file-service/internal/repository/folder_repository.go:73
[0m[33m[5.012ms] [34;1m[rows:1][0m INSERT INTO `file_folders` (`created_at`,`updated_at`,`deleted_at`,`name`,`path`,`description`,`parent_id`,`level`,`materialized_path`,`user_id`,`status`,`is_system`,`is_shared`,`file_count`,`folder_count`,`total_size`,`color`,`icon`,`sort_order`) VALUES ("2025-09-11 00:54:20.901","2025-09-11 00:54:20.901",NULL,"Documents","/Documents","",NULL,0,"",2,1,true,false,0,0,0,"#2196F3","document",0) RETURNING `id`

2025/09/11 08:54:20 [32m/mnt/d/暑期项目/HorizonCloudService-main/services/file-service/internal/repository/folder_repository.go:91
[0m[33m[0.088ms] [34;1m[rows:1][0m UPDATE `file_folders` SET `created_at`="2025-09-11 00:54:20.901",`updated_at`="2025-09-11 00:54:20.907",`deleted_at`=NULL,`name`="Documents",`path`="/Documents",`description`="",`parent_id`=NULL,`level`=0,`materialized_path`="/22",`user_id`=2,`status`=1,`is_system`=true,`is_shared`=false,`file_count`=0,`folder_count`=0,`total_size`=0,`color`="#2196F3",`icon`="document",`sort_order`=0 WHERE `file_folders`.`deleted_at` IS NULL AND `id` = 22

2025/09/11 08:54:20 [32m/mnt/d/暑期项目/HorizonCloudService-main/services/file-service/internal/repository/folder_repository.go:73
[0m[33m[3.891ms] [34;1m[rows:1][0m INSERT INTO `file_folders` (`created_at`,`updated_at`,`deleted_at`,`name`,`path`,`description`,`parent_id`,`level`,`materialized_path`,`user_id`,`status`,`is_system`,`is_shared`,`file_count`,`folder_count`,`total_size`,`color`,`icon`,`sort_order`) VALUES ("2025-09-11 00:54:20.914","2025-09-11 00:54:20.914",NULL,"Archives","/Archives","",NULL,0,"",2,1,true,false,0,0,0,"#FF9800","archive",0) RETURNING `id`

2025/09/11 08:54:20 [32m/mnt/d/暑期项目/HorizonCloudService-main/services/file-service/internal/repository/folder_repository.go:91
[0m[33m[0.111ms] [34;1m[rows:1][0m UPDATE `file_folders` SET `created_at`="2025-09-11 00:54:20.914",`updated_at`="2025-09-11 00:54:20.918",`deleted_at`=NULL,`name`="Archives",`path`="/Archives",`description`="",`parent_id`=NULL,`level`=0,`materialized_path`="/23",`user_id`=2,`status`=1,`is_system`=true,`is_shared`=false,`file_count`=0,`folder_count`=0,`total_size`=0,`color`="#FF9800",`icon`="archive",`sort_order`=0 WHERE `file_folders`.`deleted_at` IS NULL AND `id` = 23
[GIN] 2025/09/11 - 08:54:20 | 200 |   64.405814ms |       127.0.0.1 | POST     "/api/v1/folders/system/create"
2025/09/11 08:54:20 [DEBUG] 开始验证JWT令牌
2025/09/11 08:54:20 [DEBUG] 令牌字符串长度: 388
2025/09/11 08:54:20 [DEBUG] 令牌字符串前50个字符: eyJhbGciOiJIUzI1NiIsInR5cCI6IkpXVCJ9.eyJ1c2VyX2lkI...
2025/09/11 08:54:20 [DEBUG] JWT密钥长度: 27
2025/09/11 08:54:20 [DEBUG] JWT密钥内容: your-development-secret-key
2025/09/11 08:54:20 [DEBUG] 令牌头部: {"alg":"HS256","typ":"JWT"}
2025/09/11 08:54:20 [DEBUG] 令牌签名方法: HS256
2025/09/11 08:54:20 [DEBUG] 返回密钥进行验证，长度: 27
2025/09/11 08:54:20 [DEBUG] 令牌解析完成，有效性: true
2025/09/11 08:54:20 [DEBUG] 声明类型正确，用户ID: 2, 用户名: test_060645
2025/09/11 08:54:20 [DEBUG] 令牌有效，返回声明

2025/09/11 08:54:20 [32m/mnt/d/暑期项目/HorizonCloudService-main/services/file-service/internal/repository/upload_repository.go:74
[0m[33m[2.308ms] [34;1m[rows:1][0m SELECT count(*) FROM `file_upload_sessions` WHERE user_id = 2 AND `file_upload_sessions`.`deleted_at` IS NULL

2025/09/11 08:54:20 [32m/mnt/d/暑期项目/HorizonCloudService-main/services/file-service/internal/repository/upload_repository.go:82
[0m[33m[0.818ms] [34;1m[rows:1][0m SELECT * FROM `file_upload_sessions` WHERE user_id = 2 AND `file_upload_sessions`.`deleted_at` IS NULL ORDER BY created_at DESC LIMIT 20
[GIN] 2025/09/11 - 08:54:20 | 200 |    4.866244ms |       127.0.0.1 | GET      "/api/v1/upload/sessions"
2025/09/11 08:54:20 [DEBUG] 开始验证JWT令牌
2025/09/11 08:54:20 [DEBUG] 令牌字符串长度: 388
2025/09/11 08:54:20 [DEBUG] 令牌字符串前50个字符: eyJhbGciOiJIUzI1NiIsInR5cCI6IkpXVCJ9.eyJ1c2VyX2lkI...
2025/09/11 08:54:20 [DEBUG] JWT密钥长度: 27
2025/09/11 08:54:20 [DEBUG] JWT密钥内容: your-development-secret-key
2025/09/11 08:54:20 [DEBUG] 令牌头部: {"alg":"HS256","typ":"JWT"}
2025/09/11 08:54:20 [DEBUG] 令牌签名方法: HS256
2025/09/11 08:54:20 [DEBUG] 返回密钥进行验证，长度: 27
2025/09/11 08:54:20 [DEBUG] 令牌解析完成，有效性: true
2025/09/11 08:54:20 [DEBUG] 声明类型正确，用户ID: 2, 用户名: test_060645
2025/09/11 08:54:20 [DEBUG] 令牌有效，返回声明

2025/09/11 08:54:20 [32m/mnt/d/暑期项目/HorizonCloudService-main/services/file-service/internal/repository/file_repository.go:437
[0m[33m[0.767ms] [34;1m[rows:1][0m SELECT COALESCE(SUM(size), 0) as total_size FROM `file_files` WHERE user_id = 2 AND `file_files`.`deleted_at` IS NULL

2025/09/11 08:54:20 [32m/mnt/d/暑期项目/HorizonCloudService-main/services/file-service/internal/repository/file_repository.go:424
[0m[33m[0.586ms] [34;1m[rows:1][0m SELECT count(*) FROM `file_files` WHERE user_id = 2 AND `file_files`.`deleted_at` IS NULL

2025/09/11 08:54:20 [31;1m/mnt/d/暑期项目/HorizonCloudService-main/services/file-service/internal/repository/file_repository.go:119 [35;1mrecord not found
[0m[33m[0.666ms] [34;1m[rows:0][0m SELECT * FROM `file_files` WHERE hash = "146e4ffda47c4502bae55ef84fc42c22" AND `file_files`.`deleted_at` IS NULL ORDER BY `file_files`.`id` LIMIT 1

2025/09/11 08:54:20 [32m/mnt/d/暑期项目/HorizonCloudService-main/services/file-service/internal/repository/file_repository.go:98
[0m[33m[15.132ms] [34;1m[rows:1][0m INSERT INTO `file_files` (`created_at`,`updated_at`,`deleted_at`,`name`,`original_name`,`path`,`size`,`content_type`,`extension`,`description`,`hash`,`md5`,`download_url`,`user_id`,`folder_id`,`status`,`category`,`is_public`,`version`,`parent_id`,`is_latest`,`metadata`,`tags`,`storage_tier`,`download_count`,`last_accessed`) VALUES ("2025-09-11 00:54:20.941","2025-09-11 00:54:20.941",NULL,"comprehensive-test.txt","comprehensive-test.txt","2/2025/09/11/146e4ffda47c4502bae55ef84fc42c22.txt",831,"text/plain","txt","","146e4ffda47c4502bae55ef84fc42c22","","",2,NULL,1,"document",false,1,NULL,true,"{}",(NULL),"hot",0,NULL) RETURNING `id`
[GIN] 2025/09/11 - 08:54:20 | 200 |   21.436716ms |       127.0.0.1 | POST     "/api/v1/upload/simple"
2025/09/11 08:54:20 [DEBUG] 开始验证JWT令牌
2025/09/11 08:54:20 [DEBUG] 令牌字符串长度: 388
2025/09/11 08:54:20 [DEBUG] 令牌字符串前50个字符: eyJhbGciOiJIUzI1NiIsInR5cCI6IkpXVCJ9.eyJ1c2VyX2lkI...
2025/09/11 08:54:20 [DEBUG] JWT密钥长度: 27
2025/09/11 08:54:20 [DEBUG] JWT密钥内容: your-development-secret-key
2025/09/11 08:54:20 [DEBUG] 令牌头部: {"alg":"HS256","typ":"JWT"}
2025/09/11 08:54:20 [DEBUG] 令牌签名方法: HS256
2025/09/11 08:54:20 [DEBUG] 返回密钥进行验证，长度: 27
2025/09/11 08:54:20 [DEBUG] 令牌解析完成，有效性: true
2025/09/11 08:54:20 [DEBUG] 声明类型正确，用户ID: 2, 用户名: test_060645
2025/09/11 08:54:20 [DEBUG] 令牌有效，返回声明

2025/09/11 08:54:20 [32m/mnt/d/暑期项目/HorizonCloudService-main/services/file-service/internal/repository/file_repository.go:437
[0m[33m[0.654ms] [34;1m[rows:1][0m SELECT COALESCE(SUM(size), 0) as total_size FROM `file_files` WHERE user_id = 2 AND `file_files`.`deleted_at` IS NULL

2025/09/11 08:54:20 [32m/mnt/d/暑期项目/HorizonCloudService-main/services/file-service/internal/repository/file_repository.go:424
[0m[33m[0.566ms] [34;1m[rows:1][0m SELECT count(*) FROM `file_files` WHERE user_id = 2 AND `file_files`.`deleted_at` IS NULL

2025/09/11 08:54:20 [32m/mnt/d/暑期项目/HorizonCloudService-main/services/file-service/internal/repository/upload_repository.go:49
[0m[33m[11.872ms] [34;1m[rows:1][0m INSERT INTO `file_upload_sessions` (`created_at`,`updated_at`,`deleted_at`,`session_id`,`file_name`,`file_size`,`content_type`,`user_id`,`folder_id`,`chunk_size`,`total_chunks`,`uploaded_chunks`,`upload_id`,`status`,`progress`,`hash`,`temp_path`,`storage_path`,`expires_at`,`completed_at`,`error_message`,`retry_count`) VALUES ("2025-09-11 00:54:20.965","2025-09-11 00:54:20.965",NULL,"2131fc7ff70ea5733e3c969dc07b1331","chunked-test.txt",3789,"text/plain",2,NULL,5242880,1,0,"",1,0,"","","","2025-09-12 08:54:20.965",NULL,"",0) RETURNING `id`
[GIN] 2025/09/11 - 08:54:20 | 200 |   18.621096ms |       127.0.0.1 | POST     "/api/v1/upload/initiate"
2025/09/11 08:54:20 [DEBUG] 开始验证JWT令牌
2025/09/11 08:54:20 [DEBUG] 令牌字符串长度: 388
2025/09/11 08:54:20 [DEBUG] 令牌字符串前50个字符: eyJhbGciOiJIUzI1NiIsInR5cCI6IkpXVCJ9.eyJ1c2VyX2lkI...
2025/09/11 08:54:20 [DEBUG] JWT密钥长度: 27
2025/09/11 08:54:20 [DEBUG] JWT密钥内容: your-development-secret-key
2025/09/11 08:54:20 [DEBUG] 令牌头部: {"alg":"HS256","typ":"JWT"}
2025/09/11 08:54:20 [DEBUG] 令牌签名方法: HS256
2025/09/11 08:54:20 [DEBUG] 返回密钥进行验证，长度: 27
2025/09/11 08:54:20 [DEBUG] 令牌解析完成，有效性: true
2025/09/11 08:54:20 [DEBUG] 声明类型正确，用户ID: 2, 用户名: test_060645
2025/09/11 08:54:20 [DEBUG] 令牌有效，返回声明

2025/09/11 08:54:20 [32m/mnt/d/暑期项目/HorizonCloudService-main/services/file-service/internal/repository/upload_repository.go:58
[0m[33m[0.619ms] [34;1m[rows:0][0m SELECT * FROM `file_upload_chunks` WHERE `file_upload_chunks`.`session_id` = "2131fc7ff70ea5733e3c969dc07b1331" AND `file_upload_chunks`.`deleted_at` IS NULL

2025/09/11 08:54:20 [32m/mnt/d/暑期项目/HorizonCloudService-main/services/file-service/internal/repository/upload_repository.go:58
[0m[33m[1.387ms] [34;1m[rows:1][0m SELECT * FROM `file_upload_sessions` WHERE session_id = "2131fc7ff70ea5733e3c969dc07b1331" AND `file_upload_sessions`.`deleted_at` IS NULL ORDER BY `file_upload_sessions`.`id` LIMIT 1
[GIN] 2025/09/11 - 08:54:20 | 500 |    2.383851ms |       127.0.0.1 | POST     "/api/v1/upload/chunk"
2025/09/11 08:54:20 [DEBUG] 开始验证JWT令牌
2025/09/11 08:54:20 [DEBUG] 令牌字符串长度: 388
2025/09/11 08:54:20 [DEBUG] 令牌字符串前50个字符: eyJhbGciOiJIUzI1NiIsInR5cCI6IkpXVCJ9.eyJ1c2VyX2lkI...
2025/09/11 08:54:20 [DEBUG] JWT密钥长度: 27
2025/09/11 08:54:20 [DEBUG] JWT密钥内容: your-development-secret-key
2025/09/11 08:54:20 [DEBUG] 令牌头部: {"alg":"HS256","typ":"JWT"}
2025/09/11 08:54:20 [DEBUG] 令牌签名方法: HS256
2025/09/11 08:54:20 [DEBUG] 返回密钥进行验证，长度: 27
2025/09/11 08:54:20 [DEBUG] 令牌解析完成，有效性: true
2025/09/11 08:54:20 [DEBUG] 声明类型正确，用户ID: 2, 用户名: test_060645
2025/09/11 08:54:20 [DEBUG] 令牌有效，返回声明

2025/09/11 08:54:20 [32m/mnt/d/暑期项目/HorizonCloudService-main/services/file-service/internal/repository/upload_repository.go:74
[0m[33m[0.590ms] [34;1m[rows:1][0m SELECT count(*) FROM `file_upload_sessions` WHERE user_id = 2 AND `file_upload_sessions`.`deleted_at` IS NULL

2025/09/11 08:54:20 [32m/mnt/d/暑期项目/HorizonCloudService-main/services/file-service/internal/repository/upload_repository.go:82
[0m[33m[0.678ms] [34;1m[rows:2][0m SELECT * FROM `file_upload_sessions` WHERE user_id = 2 AND `file_upload_sessions`.`deleted_at` IS NULL ORDER BY created_at DESC LIMIT 1000
[GIN] 2025/09/11 - 08:54:20 | 200 |     2.30084ms |       127.0.0.1 | GET      "/api/v1/upload/statistics"
2025/09/11 08:54:20 [DEBUG] 开始验证JWT令牌
2025/09/11 08:54:20 [DEBUG] 令牌字符串长度: 388
2025/09/11 08:54:20 [DEBUG] 令牌字符串前50个字符: eyJhbGciOiJIUzI1NiIsInR5cCI6IkpXVCJ9.eyJ1c2VyX2lkI...
2025/09/11 08:54:20 [DEBUG] JWT密钥长度: 27
2025/09/11 08:54:20 [DEBUG] JWT密钥内容: your-development-secret-key
2025/09/11 08:54:20 [DEBUG] 令牌头部: {"alg":"HS256","typ":"JWT"}
2025/09/11 08:54:20 [DEBUG] 令牌签名方法: HS256
2025/09/11 08:54:20 [DEBUG] 返回密钥进行验证，长度: 27
2025/09/11 08:54:20 [DEBUG] 令牌解析完成，有效性: true
2025/09/11 08:54:20 [DEBUG] 声明类型正确，用户ID: 2, 用户名: test_060645
2025/09/11 08:54:20 [DEBUG] 令牌有效，返回声明

2025/09/11 08:54:20 [32m/mnt/d/暑期项目/HorizonCloudService-main/services/file-service/internal/repository/file_repository.go:437
[0m[33m[0.588ms] [34;1m[rows:1][0m SELECT COALESCE(SUM(size), 0) as total_size FROM `file_files` WHERE user_id = 2 AND `file_files`.`deleted_at` IS NULL

2025/09/11 08:54:20 [32m/mnt/d/暑期项目/HorizonCloudService-main/services/file-service/internal/repository/file_repository.go:424
[0m[33m[0.538ms] [34;1m[rows:1][0m SELECT count(*) FROM `file_files` WHERE user_id = 2 AND `file_files`.`deleted_at` IS NULL

2025/09/11 08:54:20 [32m/mnt/d/暑期项目/HorizonCloudService-main/services/file-service/internal/repository/upload_repository.go:49
[0m[33m[10.969ms] [34;1m[rows:1][0m INSERT INTO `file_upload_sessions` (`created_at`,`updated_at`,`deleted_at`,`session_id`,`file_name`,`file_size`,`content_type`,`user_id`,`folder_id`,`chunk_size`,`total_chunks`,`uploaded_chunks`,`upload_id`,`status`,`progress`,`hash`,`temp_path`,`storage_path`,`expires_at`,`completed_at`,`error_message`,`retry_count`) VALUES ("2025-09-11 00:54:20.986","2025-09-11 00:54:20.986",NULL,"8afb22edb3989e3e4b8cd41c7a696f3f","progress_test_file.txt",1024,"text/plain",2,NULL,5242880,1,0,"",1,0,"","","","2025-09-12 08:54:20.986",NULL,"",0) RETURNING `id`
[GIN] 2025/09/11 - 08:54:20 | 200 |   13.177253ms |       127.0.0.1 | POST     "/api/v1/upload/initiate"
2025/09/11 08:54:21 [DEBUG] 开始验证JWT令牌
2025/09/11 08:54:21 [DEBUG] 令牌字符串长度: 388
2025/09/11 08:54:21 [DEBUG] 令牌字符串前50个字符: eyJhbGciOiJIUzI1NiIsInR5cCI6IkpXVCJ9.eyJ1c2VyX2lkI...
2025/09/11 08:54:21 [DEBUG] JWT密钥长度: 27
2025/09/11 08:54:21 [DEBUG] JWT密钥内容: your-development-secret-key
2025/09/11 08:54:21 [DEBUG] 令牌头部: {"alg":"HS256","typ":"JWT"}
2025/09/11 08:54:21 [DEBUG] 令牌签名方法: HS256
2025/09/11 08:54:21 [DEBUG] 返回密钥进行验证，长度: 27
2025/09/11 08:54:21 [DEBUG] 令牌解析完成，有效性: true
2025/09/11 08:54:21 [DEBUG] 声明类型正确，用户ID: 2, 用户名: test_060645
2025/09/11 08:54:21 [DEBUG] 令牌有效，返回声明

2025/09/11 08:54:21 [32m/mnt/d/暑期项目/HorizonCloudService-main/services/file-service/internal/repository/file_repository.go:164
[0m[33m[0.632ms] [34;1m[rows:1][0m SELECT count(*) FROM `file_files` WHERE user_id = 2 AND folder_id IS NULL AND status = 1 AND `file_files`.`deleted_at` IS NULL

2025/09/11 08:54:21 [32m/mnt/d/暑期项目/HorizonCloudService-main/services/file-service/internal/repository/file_repository.go:177
[0m[33m[0.665ms] [34;1m[rows:0][0m SELECT * FROM `file_thumbnails` WHERE `file_thumbnails`.`file_id` IN (5,3) AND `file_thumbnails`.`deleted_at` IS NULL

2025/09/11 08:54:21 [32m/mnt/d/暑期项目/HorizonCloudService-main/services/file-service/internal/repository/file_repository.go:177
[0m[33m[1.491ms] [34;1m[rows:2][0m SELECT * FROM `file_files` WHERE user_id = 2 AND folder_id IS NULL AND status = 1 AND `file_files`.`deleted_at` IS NULL ORDER BY created_at DESC LIMIT 20
[GIN] 2025/09/11 - 08:54:21 | 200 |    3.144966ms |       127.0.0.1 | GET      "/api/v1/files"
[GIN] 2025/09/11 - 08:58:17 | 200 |    3.505927ms |       127.0.0.1 | GET      "/api/v1/health"
[GIN] 2025/09/11 - 08:58:17 | 200 |    2.598034ms |       127.0.0.1 | GET      "/api/v1/health/ready"
[GIN] 2025/09/11 - 08:58:17 | 200 |      15.797µs |       127.0.0.1 | GET      "/api/v1/health/metrics"
[GIN] 2025/09/11 - 08:58:17 | 200 |      10.476µs |       127.0.0.1 | GET      "/api/v1/health/stats"
2025/09/11 08:58:17 [DEBUG] 开始验证JWT令牌
2025/09/11 08:58:17 [DEBUG] 令牌字符串长度: 388
2025/09/11 08:58:17 [DEBUG] 令牌字符串前50个字符: eyJhbGciOiJIUzI1NiIsInR5cCI6IkpXVCJ9.eyJ1c2VyX2lkI...
2025/09/11 08:58:17 [DEBUG] JWT密钥长度: 27
2025/09/11 08:58:17 [DEBUG] JWT密钥内容: your-development-secret-key
2025/09/11 08:58:17 [DEBUG] 令牌头部: {"alg":"HS256","typ":"JWT"}
2025/09/11 08:58:17 [DEBUG] 令牌签名方法: HS256
2025/09/11 08:58:17 [DEBUG] 返回密钥进行验证，长度: 27
2025/09/11 08:58:17 [DEBUG] 令牌解析完成，有效性: true
2025/09/11 08:58:17 [DEBUG] 声明类型正确，用户ID: 3, 用户名: test_297347
2025/09/11 08:58:17 [DEBUG] 令牌有效，返回声明
[GIN] 2025/09/11 - 08:58:17 | 200 |    1.605278ms |       127.0.0.1 | GET      "/api/v1/auth/me"
2025/09/11 08:58:17 [DEBUG] 开始验证JWT令牌
2025/09/11 08:58:17 [DEBUG] 令牌字符串长度: 388
2025/09/11 08:58:17 [DEBUG] 令牌字符串前50个字符: eyJhbGciOiJIUzI1NiIsInR5cCI6IkpXVCJ9.eyJ1c2VyX2lkI...
2025/09/11 08:58:17 [DEBUG] JWT密钥长度: 27
2025/09/11 08:58:17 [DEBUG] JWT密钥内容: your-development-secret-key
2025/09/11 08:58:17 [DEBUG] 令牌头部: {"alg":"HS256","typ":"JWT"}
2025/09/11 08:58:17 [DEBUG] 令牌签名方法: HS256
2025/09/11 08:58:17 [DEBUG] 返回密钥进行验证，长度: 27
2025/09/11 08:58:17 [DEBUG] 令牌解析完成，有效性: true
2025/09/11 08:58:17 [DEBUG] 声明类型正确，用户ID: 3, 用户名: test_297347
2025/09/11 08:58:17 [DEBUG] 令牌有效，返回声明

2025/09/11 08:58:17 [32m/mnt/d/暑期项目/HorizonCloudService-main/services/file-service/internal/repository/file_repository.go:164
[0m[33m[0.729ms] [34;1m[rows:1][0m SELECT count(*) FROM `file_files` WHERE user_id = 3 AND folder_id IS NULL AND status = 1 AND `file_files`.`deleted_at` IS NULL

2025/09/11 08:58:17 [32m/mnt/d/暑期项目/HorizonCloudService-main/services/file-service/internal/repository/file_repository.go:177
[0m[33m[0.593ms] [34;1m[rows:0][0m SELECT * FROM `file_files` WHERE user_id = 3 AND folder_id IS NULL AND status = 1 AND `file_files`.`deleted_at` IS NULL ORDER BY created_at DESC LIMIT 20
[GIN] 2025/09/11 - 08:58:17 | 200 |    2.326417ms |       127.0.0.1 | GET      "/api/v1/files"
2025/09/11 08:58:17 [DEBUG] 开始验证JWT令牌
2025/09/11 08:58:17 [DEBUG] 令牌字符串长度: 388
2025/09/11 08:58:17 [DEBUG] 令牌字符串前50个字符: eyJhbGciOiJIUzI1NiIsInR5cCI6IkpXVCJ9.eyJ1c2VyX2lkI...
2025/09/11 08:58:17 [DEBUG] JWT密钥长度: 27
2025/09/11 08:58:17 [DEBUG] JWT密钥内容: your-development-secret-key
2025/09/11 08:58:17 [DEBUG] 令牌头部: {"alg":"HS256","typ":"JWT"}
2025/09/11 08:58:17 [DEBUG] 令牌签名方法: HS256
2025/09/11 08:58:17 [DEBUG] 返回密钥进行验证，长度: 27
2025/09/11 08:58:17 [DEBUG] 令牌解析完成，有效性: true
2025/09/11 08:58:17 [DEBUG] 声明类型正确，用户ID: 3, 用户名: test_297347
2025/09/11 08:58:17 [DEBUG] 令牌有效，返回声明

2025/09/11 08:58:17 [32m/mnt/d/暑期项目/HorizonCloudService-main/services/file-service/internal/repository/folder_repository.go:175
[0m[33m[0.832ms] [34;1m[rows:0][0m SELECT * FROM `file_folders` WHERE (user_id = 3 AND parent_id IS NULL) AND `file_folders`.`deleted_at` IS NULL ORDER BY sort_order ASC, name ASC
[GIN] 2025/09/11 - 08:58:17 | 200 |    4.353574ms |       127.0.0.1 | GET      "/api/v1/folders"
2025/09/11 08:58:17 [DEBUG] 开始验证JWT令牌
2025/09/11 08:58:17 [DEBUG] 令牌字符串长度: 388
2025/09/11 08:58:17 [DEBUG] 令牌字符串前50个字符: eyJhbGciOiJIUzI1NiIsInR5cCI6IkpXVCJ9.eyJ1c2VyX2lkI...
2025/09/11 08:58:17 [DEBUG] JWT密钥长度: 27
2025/09/11 08:58:17 [DEBUG] JWT密钥内容: your-development-secret-key
2025/09/11 08:58:17 [DEBUG] 令牌头部: {"alg":"HS256","typ":"JWT"}
2025/09/11 08:58:17 [DEBUG] 令牌签名方法: HS256
2025/09/11 08:58:17 [DEBUG] 返回密钥进行验证，长度: 27
2025/09/11 08:58:17 [DEBUG] 令牌解析完成，有效性: true
2025/09/11 08:58:17 [DEBUG] 声明类型正确，用户ID: 3, 用户名: test_297347
2025/09/11 08:58:17 [DEBUG] 令牌有效，返回声明
[GIN] 2025/09/11 - 08:58:17 | 500 |      853.86µs |       127.0.0.1 | GET      "/api/v1/quota/status"
2025/09/11 08:58:17 [DEBUG] 开始验证JWT令牌
2025/09/11 08:58:17 [DEBUG] 令牌字符串长度: 388
2025/09/11 08:58:17 [DEBUG] 令牌字符串前50个字符: eyJhbGciOiJIUzI1NiIsInR5cCI6IkpXVCJ9.eyJ1c2VyX2lkI...
2025/09/11 08:58:17 [DEBUG] JWT密钥长度: 27
2025/09/11 08:58:17 [DEBUG] JWT密钥内容: your-development-secret-key
2025/09/11 08:58:17 [DEBUG] 令牌头部: {"alg":"HS256","typ":"JWT"}
2025/09/11 08:58:17 [DEBUG] 令牌签名方法: HS256
2025/09/11 08:58:17 [DEBUG] 返回密钥进行验证，长度: 27
2025/09/11 08:58:17 [DEBUG] 令牌解析完成，有效性: true
2025/09/11 08:58:17 [DEBUG] 声明类型正确，用户ID: 3, 用户名: test_297347
2025/09/11 08:58:17 [DEBUG] 令牌有效，返回声明

2025/09/11 08:58:17 [31;1m/mnt/d/暑期项目/HorizonCloudService-main/services/file-service/internal/repository/file_repository.go:200 [35;1munrecognized token: "@"
[0m[33m[0.037ms] [34;1m[rows:0][0m SELECT count(*) FROM `file_files` WHERE user_id = 3 AND (to_tsvector('simple', name) @@ plainto_tsquery('simple', "test") OR to_tsvector('simple', original_name) @@ plainto_tsquery('simple', "test") OR name ILIKE "%test%" OR original_name ILIKE "%test%") AND size >= 0 AND size <= 0 AND status = 1 AND created_at >= "" AND created_at <= "" AND `file_files`.`deleted_at` IS NULL
[GIN] 2025/09/11 - 08:58:17 | 500 |    1.406264ms |       127.0.0.1 | GET      "/api/v1/files/search?q=test&limit=10&offset=0"
2025/09/11 08:58:17 [DEBUG] 开始验证JWT令牌
2025/09/11 08:58:17 [DEBUG] 令牌字符串长度: 388
2025/09/11 08:58:17 [DEBUG] 令牌字符串前50个字符: eyJhbGciOiJIUzI1NiIsInR5cCI6IkpXVCJ9.eyJ1c2VyX2lkI...
2025/09/11 08:58:17 [DEBUG] JWT密钥长度: 27
2025/09/11 08:58:17 [DEBUG] JWT密钥内容: your-development-secret-key
2025/09/11 08:58:17 [DEBUG] 令牌头部: {"alg":"HS256","typ":"JWT"}
2025/09/11 08:58:17 [DEBUG] 令牌签名方法: HS256
2025/09/11 08:58:17 [DEBUG] 返回密钥进行验证，长度: 27
2025/09/11 08:58:17 [DEBUG] 令牌解析完成，有效性: true
2025/09/11 08:58:17 [DEBUG] 声明类型正确，用户ID: 3, 用户名: test_297347
2025/09/11 08:58:17 [DEBUG] 令牌有效，返回声明

2025/09/11 08:58:17 [32m/mnt/d/暑期项目/HorizonCloudService-main/services/file-service/internal/repository/file_repository.go:424
[0m[33m[0.668ms] [34;1m[rows:1][0m SELECT count(*) FROM `file_files` WHERE user_id = 3 AND `file_files`.`deleted_at` IS NULL

2025/09/11 08:58:17 [32m/mnt/d/暑期项目/HorizonCloudService-main/services/file-service/internal/repository/file_repository.go:437
[0m[33m[0.604ms] [34;1m[rows:1][0m SELECT COALESCE(SUM(size), 0) as total_size FROM `file_files` WHERE user_id = 3 AND `file_files`.`deleted_at` IS NULL

2025/09/11 08:58:17 [32m/mnt/d/暑期项目/HorizonCloudService-main/services/file-service/internal/repository/folder_repository.go:165
[0m[33m[1.066ms] [34;1m[rows:0][0m SELECT * FROM `file_folders` WHERE user_id = 3 AND `file_folders`.`deleted_at` IS NULL ORDER BY level ASC, name ASC
[GIN] 2025/09/11 - 08:58:17 | 200 |     4.21283ms |       127.0.0.1 | GET      "/api/v1/files/stats"
2025/09/11 08:58:17 [DEBUG] 开始验证JWT令牌
2025/09/11 08:58:17 [DEBUG] 令牌字符串长度: 388
2025/09/11 08:58:17 [DEBUG] 令牌字符串前50个字符: eyJhbGciOiJIUzI1NiIsInR5cCI6IkpXVCJ9.eyJ1c2VyX2lkI...
2025/09/11 08:58:17 [DEBUG] JWT密钥长度: 27
2025/09/11 08:58:17 [DEBUG] JWT密钥内容: your-development-secret-key
2025/09/11 08:58:17 [DEBUG] 令牌头部: {"alg":"HS256","typ":"JWT"}
2025/09/11 08:58:17 [DEBUG] 令牌签名方法: HS256
2025/09/11 08:58:17 [DEBUG] 返回密钥进行验证，长度: 27
2025/09/11 08:58:17 [DEBUG] 令牌解析完成，有效性: true
2025/09/11 08:58:17 [DEBUG] 声明类型正确，用户ID: 3, 用户名: test_297347
2025/09/11 08:58:17 [DEBUG] 令牌有效，返回声明

2025/09/11 08:58:17 [32m/mnt/d/暑期项目/HorizonCloudService-main/services/file-service/internal/repository/file_repository.go:437
[0m[33m[0.579ms] [34;1m[rows:1][0m SELECT COALESCE(SUM(size), 0) as total_size FROM `file_files` WHERE user_id = 3 AND `file_files`.`deleted_at` IS NULL

2025/09/11 08:58:17 [32m/mnt/d/暑期项目/HorizonCloudService-main/services/file-service/internal/repository/file_repository.go:424
[0m[33m[0.854ms] [34;1m[rows:1][0m SELECT count(*) FROM `file_files` WHERE user_id = 3 AND `file_files`.`deleted_at` IS NULL

2025/09/11 08:58:17 [32m/mnt/d/暑期项目/HorizonCloudService-main/services/file-service/internal/repository/file_repository.go:453
[0m[33m[0.556ms] [34;1m[rows:0][0m SELECT category, COUNT(*) as count FROM `file_files` WHERE user_id = 3 AND `file_files`.`deleted_at` IS NULL GROUP BY `category`

2025/09/11 08:58:17 [32m/mnt/d/暑期项目/HorizonCloudService-main/services/file-service/internal/repository/file_repository.go:477
[0m[33m[0.632ms] [34;1m[rows:0][0m SELECT storage_tier, COALESCE(SUM(size), 0) as total_size FROM `file_files` WHERE user_id = 3 AND `file_files`.`deleted_at` IS NULL GROUP BY `storage_tier`
[GIN] 2025/09/11 - 08:58:17 | 200 |    3.893653ms |       127.0.0.1 | GET      "/api/v1/files/storage-stats"
2025/09/11 08:58:17 [DEBUG] 开始验证JWT令牌
2025/09/11 08:58:17 [DEBUG] 令牌字符串长度: 388
2025/09/11 08:58:17 [DEBUG] 令牌字符串前50个字符: eyJhbGciOiJIUzI1NiIsInR5cCI6IkpXVCJ9.eyJ1c2VyX2lkI...
2025/09/11 08:58:17 [DEBUG] JWT密钥长度: 27
2025/09/11 08:58:17 [DEBUG] JWT密钥内容: your-development-secret-key
2025/09/11 08:58:17 [DEBUG] 令牌头部: {"alg":"HS256","typ":"JWT"}
2025/09/11 08:58:17 [DEBUG] 令牌签名方法: HS256
2025/09/11 08:58:17 [DEBUG] 返回密钥进行验证，长度: 27
2025/09/11 08:58:17 [DEBUG] 令牌解析完成，有效性: true
2025/09/11 08:58:17 [DEBUG] 声明类型正确，用户ID: 3, 用户名: test_297347
2025/09/11 08:58:17 [DEBUG] 令牌有效，返回声明

2025/09/11 08:58:17 [32m/mnt/d/暑期项目/HorizonCloudService-main/services/file-service/internal/repository/file_repository.go:164
[0m[33m[0.582ms] [34;1m[rows:1][0m SELECT count(*) FROM `file_files` WHERE user_id = 3 AND folder_id IS NULL AND status = 1 AND `file_files`.`deleted_at` IS NULL

2025/09/11 08:58:17 [32m/mnt/d/暑期项目/HorizonCloudService-main/services/file-service/internal/repository/file_repository.go:177
[0m[33m[0.605ms] [34;1m[rows:0][0m SELECT * FROM `file_files` WHERE user_id = 3 AND folder_id IS NULL AND status = 1 AND `file_files`.`deleted_at` IS NULL ORDER BY created_at DESC LIMIT 10000
[GIN] 2025/09/11 - 08:58:17 | 200 |    2.288463ms |       127.0.0.1 | GET      "/api/v1/files/duplicates"
2025/09/11 08:58:17 [DEBUG] 开始验证JWT令牌
2025/09/11 08:58:17 [DEBUG] 令牌字符串长度: 388
2025/09/11 08:58:17 [DEBUG] 令牌字符串前50个字符: eyJhbGciOiJIUzI1NiIsInR5cCI6IkpXVCJ9.eyJ1c2VyX2lkI...
2025/09/11 08:58:17 [DEBUG] JWT密钥长度: 27
2025/09/11 08:58:17 [DEBUG] JWT密钥内容: your-development-secret-key
2025/09/11 08:58:17 [DEBUG] 令牌头部: {"alg":"HS256","typ":"JWT"}
2025/09/11 08:58:17 [DEBUG] 令牌签名方法: HS256
2025/09/11 08:58:17 [DEBUG] 返回密钥进行验证，长度: 27
2025/09/11 08:58:17 [DEBUG] 令牌解析完成，有效性: true
2025/09/11 08:58:17 [DEBUG] 声明类型正确，用户ID: 3, 用户名: test_297347
2025/09/11 08:58:17 [DEBUG] 令牌有效，返回声明

2025/09/11 08:58:17 [32m/mnt/d/暑期项目/HorizonCloudService-main/services/file-service/internal/repository/file_repository.go:164
[0m[33m[0.586ms] [34;1m[rows:1][0m SELECT count(*) FROM `file_files` WHERE user_id = 3 AND folder_id IS NULL AND status = 1 AND `file_files`.`deleted_at` IS NULL

2025/09/11 08:58:17 [32m/mnt/d/暑期项目/HorizonCloudService-main/services/file-service/internal/repository/file_repository.go:177
[0m[33m[0.650ms] [34;1m[rows:0][0m SELECT * FROM `file_files` WHERE user_id = 3 AND folder_id IS NULL AND status = 1 AND `file_files`.`deleted_at` IS NULL ORDER BY created_at DESC LIMIT 20
[GIN] 2025/09/11 - 08:58:17 | 200 |    2.287488ms |       127.0.0.1 | GET      "/api/v1/files?limit=1"
2025/09/11 08:58:17 [DEBUG] 开始验证JWT令牌
2025/09/11 08:58:17 [DEBUG] 令牌字符串长度: 388
2025/09/11 08:58:17 [DEBUG] 令牌字符串前50个字符: eyJhbGciOiJIUzI1NiIsInR5cCI6IkpXVCJ9.eyJ1c2VyX2lkI...
2025/09/11 08:58:17 [DEBUG] JWT密钥长度: 27
2025/09/11 08:58:17 [DEBUG] JWT密钥内容: your-development-secret-key
2025/09/11 08:58:17 [DEBUG] 令牌头部: {"alg":"HS256","typ":"JWT"}
2025/09/11 08:58:17 [DEBUG] 令牌签名方法: HS256
2025/09/11 08:58:17 [DEBUG] 返回密钥进行验证，长度: 27
2025/09/11 08:58:17 [DEBUG] 令牌解析完成，有效性: true
2025/09/11 08:58:17 [DEBUG] 声明类型正确，用户ID: 3, 用户名: test_297347
2025/09/11 08:58:17 [DEBUG] 令牌有效，返回声明

2025/09/11 08:58:17 [31;1m/mnt/d/暑期项目/HorizonCloudService-main/services/file-service/internal/repository/folder_repository.go:421 [35;1mrecord not found
[0m[33m[0.806ms] [34;1m[rows:0][0m SELECT * FROM `file_folders` WHERE (user_id = 3 AND name = "完整测试文件夹") AND parent_id IS NULL AND `file_folders`.`deleted_at` IS NULL ORDER BY `file_folders`.`id` LIMIT 1

2025/09/11 08:58:17 [32m/mnt/d/暑期项目/HorizonCloudService-main/services/file-service/internal/repository/folder_repository.go:73
[0m[33m[5.016ms] [34;1m[rows:1][0m INSERT INTO `file_folders` (`created_at`,`updated_at`,`deleted_at`,`name`,`path`,`description`,`parent_id`,`level`,`materialized_path`,`user_id`,`status`,`is_system`,`is_shared`,`file_count`,`folder_count`,`total_size`,`color`,`icon`,`sort_order`) VALUES ("2025-09-11 00:58:17.556","2025-09-11 00:58:17.556",NULL,"完整测试文件夹","/完整测试文件夹","JavaScript自动化集成测试创建的文件夹",NULL,0,"",3,1,false,false,0,0,0,"","",0) RETURNING `id`

2025/09/11 08:58:17 [32m/mnt/d/暑期项目/HorizonCloudService-main/services/file-service/internal/repository/folder_repository.go:91
[0m[33m[0.102ms] [34;1m[rows:1][0m UPDATE `file_folders` SET `created_at`="2025-09-11 00:58:17.556",`updated_at`="2025-09-11 00:58:17.561",`deleted_at`=NULL,`name`="完整测试文件夹",`path`="/完整测试文件夹",`description`="JavaScript自动化集成测试创建的文件夹",`parent_id`=NULL,`level`=0,`materialized_path`="/24",`user_id`=3,`status`=1,`is_system`=false,`is_shared`=false,`file_count`=0,`folder_count`=0,`total_size`=0,`color`="",`icon`="",`sort_order`=0 WHERE `file_folders`.`deleted_at` IS NULL AND `id` = 24
[GIN] 2025/09/11 - 08:58:17 | 200 |   28.571071ms |       127.0.0.1 | POST     "/api/v1/folders"
2025/09/11 08:58:17 [DEBUG] 开始验证JWT令牌
2025/09/11 08:58:17 [DEBUG] 令牌字符串长度: 388
2025/09/11 08:58:17 [DEBUG] 令牌字符串前50个字符: eyJhbGciOiJIUzI1NiIsInR5cCI6IkpXVCJ9.eyJ1c2VyX2lkI...
2025/09/11 08:58:17 [DEBUG] JWT密钥长度: 27
2025/09/11 08:58:17 [DEBUG] JWT密钥内容: your-development-secret-key
2025/09/11 08:58:17 [DEBUG] 令牌头部: {"alg":"HS256","typ":"JWT"}
2025/09/11 08:58:17 [DEBUG] 令牌签名方法: HS256
2025/09/11 08:58:17 [DEBUG] 返回密钥进行验证，长度: 27
2025/09/11 08:58:17 [DEBUG] 令牌解析完成，有效性: true
2025/09/11 08:58:17 [DEBUG] 声明类型正确，用户ID: 3, 用户名: test_297347
2025/09/11 08:58:17 [DEBUG] 令牌有效，返回声明

2025/09/11 08:58:17 [32m/mnt/d/暑期项目/HorizonCloudService-main/services/file-service/internal/repository/folder_repository.go:193
[0m[33m[0.662ms] [34;1m[rows:1][0m SELECT * FROM `file_folders` WHERE user_id = 3 AND `file_folders`.`deleted_at` IS NULL ORDER BY level ASC, name ASC
[GIN] 2025/09/11 - 08:58:17 | 200 |    1.906761ms |       127.0.0.1 | GET      "/api/v1/folders/tree"
2025/09/11 08:58:17 [DEBUG] 开始验证JWT令牌
2025/09/11 08:58:17 [DEBUG] 令牌字符串长度: 388
2025/09/11 08:58:17 [DEBUG] 令牌字符串前50个字符: eyJhbGciOiJIUzI1NiIsInR5cCI6IkpXVCJ9.eyJ1c2VyX2lkI...
2025/09/11 08:58:17 [DEBUG] JWT密钥长度: 27
2025/09/11 08:58:17 [DEBUG] JWT密钥内容: your-development-secret-key
2025/09/11 08:58:17 [DEBUG] 令牌头部: {"alg":"HS256","typ":"JWT"}
2025/09/11 08:58:17 [DEBUG] 令牌签名方法: HS256
2025/09/11 08:58:17 [DEBUG] 返回密钥进行验证，长度: 27
2025/09/11 08:58:17 [DEBUG] 令牌解析完成，有效性: true
2025/09/11 08:58:17 [DEBUG] 声明类型正确，用户ID: 3, 用户名: test_297347
2025/09/11 08:58:17 [DEBUG] 令牌有效，返回声明

2025/09/11 08:58:17 [31;1m/mnt/d/暑期项目/HorizonCloudService-main/services/file-service/internal/repository/folder_repository.go:396 [35;1munrecognized token: "@"
[0m[33m[0.039ms] [34;1m[rows:0][0m SELECT count(*) FROM `file_folders` WHERE user_id = 3 AND (to_tsvector('simple', name) @@ plainto_tsquery('simple', "完整测试") OR name ILIKE "%完整测试%") AND `file_folders`.`deleted_at` IS NULL
[GIN] 2025/09/11 - 08:58:17 | 500 |    6.076652ms |       127.0.0.1 | GET      "/api/v1/folders/search?q=%E5%AE%8C%E6%95%B4%E6%B5%8B%E8%AF%95&limit=10&offset=0"
2025/09/11 08:58:17 [DEBUG] 开始验证JWT令牌
2025/09/11 08:58:17 [DEBUG] 令牌字符串长度: 388
2025/09/11 08:58:17 [DEBUG] 令牌字符串前50个字符: eyJhbGciOiJIUzI1NiIsInR5cCI6IkpXVCJ9.eyJ1c2VyX2lkI...
2025/09/11 08:58:17 [DEBUG] JWT密钥长度: 27
2025/09/11 08:58:17 [DEBUG] JWT密钥内容: your-development-secret-key
2025/09/11 08:58:17 [DEBUG] 令牌头部: {"alg":"HS256","typ":"JWT"}
2025/09/11 08:58:17 [DEBUG] 令牌签名方法: HS256
2025/09/11 08:58:17 [DEBUG] 返回密钥进行验证，长度: 27
2025/09/11 08:58:17 [DEBUG] 令牌解析完成，有效性: true
2025/09/11 08:58:17 [DEBUG] 声明类型正确，用户ID: 3, 用户名: test_297347
2025/09/11 08:58:17 [DEBUG] 令牌有效，返回声明

2025/09/11 08:58:17 [31;1m/mnt/d/暑期项目/HorizonCloudService-main/services/file-service/internal/repository/folder_repository.go:112 [35;1mrecord not found
[0m[33m[0.671ms] [34;1m[rows:0][0m SELECT * FROM `file_folders` WHERE (user_id = 3 AND path = "/") AND `file_folders`.`deleted_at` IS NULL ORDER BY `file_folders`.`id` LIMIT 1
[GIN] 2025/09/11 - 08:58:17 | 404 |    1.706789ms |       127.0.0.1 | GET      "/api/v1/folders/by-path?path=%2F"
2025/09/11 08:58:17 [DEBUG] 开始验证JWT令牌
2025/09/11 08:58:17 [DEBUG] 令牌字符串长度: 388
2025/09/11 08:58:17 [DEBUG] 令牌字符串前50个字符: eyJhbGciOiJIUzI1NiIsInR5cCI6IkpXVCJ9.eyJ1c2VyX2lkI...
2025/09/11 08:58:17 [DEBUG] JWT密钥长度: 27
2025/09/11 08:58:17 [DEBUG] JWT密钥内容: your-development-secret-key
2025/09/11 08:58:17 [DEBUG] 令牌头部: {"alg":"HS256","typ":"JWT"}
2025/09/11 08:58:17 [DEBUG] 令牌签名方法: HS256
2025/09/11 08:58:17 [DEBUG] 返回密钥进行验证，长度: 27
2025/09/11 08:58:17 [DEBUG] 令牌解析完成，有效性: true
2025/09/11 08:58:17 [DEBUG] 声明类型正确，用户ID: 3, 用户名: test_297347
2025/09/11 08:58:17 [DEBUG] 令牌有效，返回声明

2025/09/11 08:58:17 [32m/mnt/d/暑期项目/HorizonCloudService-main/services/file-service/internal/repository/folder_repository.go:73
[0m[33m[25.655ms] [34;1m[rows:1][0m INSERT INTO `file_folders` (`created_at`,`updated_at`,`deleted_at`,`name`,`path`,`description`,`parent_id`,`level`,`materialized_path`,`user_id`,`status`,`is_system`,`is_shared`,`file_count`,`folder_count`,`total_size`,`color`,`icon`,`sort_order`) VALUES ("2025-09-11 00:58:17.597","2025-09-11 00:58:17.597",NULL,"Images","/Images","",NULL,0,"",3,1,true,false,0,0,0,"#4CAF50","image",0) RETURNING `id`

2025/09/11 08:58:17 [32m/mnt/d/暑期项目/HorizonCloudService-main/services/file-service/internal/repository/folder_repository.go:91
[0m[33m[0.143ms] [34;1m[rows:1][0m UPDATE `file_folders` SET `created_at`="2025-09-11 00:58:17.597",`updated_at`="2025-09-11 00:58:17.623",`deleted_at`=NULL,`name`="Images",`path`="/Images",`description`="",`parent_id`=NULL,`level`=0,`materialized_path`="/25",`user_id`=3,`status`=1,`is_system`=true,`is_shared`=false,`file_count`=0,`folder_count`=0,`total_size`=0,`color`="#4CAF50",`icon`="image",`sort_order`=0 WHERE `file_folders`.`deleted_at` IS NULL AND `id` = 25

2025/09/11 08:58:17 [32m/mnt/d/暑期项目/HorizonCloudService-main/services/file-service/internal/repository/folder_repository.go:73
[0m[33m[4.992ms] [34;1m[rows:1][0m INSERT INTO `file_folders` (`created_at`,`updated_at`,`deleted_at`,`name`,`path`,`description`,`parent_id`,`level`,`materialized_path`,`user_id`,`status`,`is_system`,`is_shared`,`file_count`,`folder_count`,`total_size`,`color`,`icon`,`sort_order`) VALUES ("2025-09-11 00:58:17.635","2025-09-11 00:58:17.635",NULL,"Videos","/Videos","",NULL,0,"",3,1,true,false,0,0,0,"#FF5722","video",0) RETURNING `id`

2025/09/11 08:58:17 [32m/mnt/d/暑期项目/HorizonCloudService-main/services/file-service/internal/repository/folder_repository.go:91
[0m[33m[0.125ms] [34;1m[rows:1][0m UPDATE `file_folders` SET `created_at`="2025-09-11 00:58:17.635",`updated_at`="2025-09-11 00:58:17.64",`deleted_at`=NULL,`name`="Videos",`path`="/Videos",`description`="",`parent_id`=NULL,`level`=0,`materialized_path`="/26",`user_id`=3,`status`=1,`is_system`=true,`is_shared`=false,`file_count`=0,`folder_count`=0,`total_size`=0,`color`="#FF5722",`icon`="video",`sort_order`=0 WHERE `file_folders`.`deleted_at` IS NULL AND `id` = 26

2025/09/11 08:58:17 [32m/mnt/d/暑期项目/HorizonCloudService-main/services/file-service/internal/repository/folder_repository.go:73
[0m[33m[4.117ms] [34;1m[rows:1][0m INSERT INTO `file_folders` (`created_at`,`updated_at`,`deleted_at`,`name`,`path`,`description`,`parent_id`,`level`,`materialized_path`,`user_id`,`status`,`is_system`,`is_shared`,`file_count`,`folder_count`,`total_size`,`color`,`icon`,`sort_order`) VALUES ("2025-09-11 00:58:17.648","2025-09-11 00:58:17.648",NULL,"Audios","/Audios","",NULL,0,"",3,1,true,false,0,0,0,"#9C27B0","audio",0) RETURNING `id`

2025/09/11 08:58:17 [32m/mnt/d/暑期项目/HorizonCloudService-main/services/file-service/internal/repository/folder_repository.go:91
[0m[33m[0.113ms] [34;1m[rows:1][0m UPDATE `file_folders` SET `created_at`="2025-09-11 00:58:17.648",`updated_at`="2025-09-11 00:58:17.652",`deleted_at`=NULL,`name`="Audios",`path`="/Audios",`description`="",`parent_id`=NULL,`level`=0,`materialized_path`="/27",`user_id`=3,`status`=1,`is_system`=true,`is_shared`=false,`file_count`=0,`folder_count`=0,`total_size`=0,`color`="#9C27B0",`icon`="audio",`sort_order`=0 WHERE `file_folders`.`deleted_at` IS NULL AND `id` = 27

2025/09/11 08:58:17 [32m/mnt/d/暑期项目/HorizonCloudService-main/services/file-service/internal/repository/folder_repository.go:73
[0m[33m[4.445ms] [34;1m[rows:1][0m INSERT INTO `file_folders` (`created_at`,`updated_at`,`deleted_at`,`name`,`path`,`description`,`parent_id`,`level`,`materialized_path`,`user_id`,`status`,`is_system`,`is_shared`,`file_count`,`folder_count`,`total_size`,`color`,`icon`,`sort_order`) VALUES ("2025-09-11 00:58:17.66","2025-09-11 00:58:17.66",NULL,"Documents","/Documents","",NULL,0,"",3,1,true,false,0,0,0,"#2196F3","document",0) RETURNING `id`

2025/09/11 08:58:17 [32m/mnt/d/暑期项目/HorizonCloudService-main/services/file-service/internal/repository/folder_repository.go:91
[0m[33m[0.113ms] [34;1m[rows:1][0m UPDATE `file_folders` SET `created_at`="2025-09-11 00:58:17.66",`updated_at`="2025-09-11 00:58:17.664",`deleted_at`=NULL,`name`="Documents",`path`="/Documents",`description`="",`parent_id`=NULL,`level`=0,`materialized_path`="/28",`user_id`=3,`status`=1,`is_system`=true,`is_shared`=false,`file_count`=0,`folder_count`=0,`total_size`=0,`color`="#2196F3",`icon`="document",`sort_order`=0 WHERE `file_folders`.`deleted_at` IS NULL AND `id` = 28

2025/09/11 08:58:17 [32m/mnt/d/暑期项目/HorizonCloudService-main/services/file-service/internal/repository/folder_repository.go:73
[0m[33m[4.603ms] [34;1m[rows:1][0m INSERT INTO `file_folders` (`created_at`,`updated_at`,`deleted_at`,`name`,`path`,`description`,`parent_id`,`level`,`materialized_path`,`user_id`,`status`,`is_system`,`is_shared`,`file_count`,`folder_count`,`total_size`,`color`,`icon`,`sort_order`) VALUES ("2025-09-11 00:58:17.672","2025-09-11 00:58:17.672",NULL,"Archives","/Archives","",NULL,0,"",3,1,true,false,0,0,0,"#FF9800","archive",0) RETURNING `id`

2025/09/11 08:58:17 [32m/mnt/d/暑期项目/HorizonCloudService-main/services/file-service/internal/repository/folder_repository.go:91
[0m[33m[0.094ms] [34;1m[rows:1][0m UPDATE `file_folders` SET `created_at`="2025-09-11 00:58:17.672",`updated_at`="2025-09-11 00:58:17.677",`deleted_at`=NULL,`name`="Archives",`path`="/Archives",`description`="",`parent_id`=NULL,`level`=0,`materialized_path`="/29",`user_id`=3,`status`=1,`is_system`=true,`is_shared`=false,`file_count`=0,`folder_count`=0,`total_size`=0,`color`="#FF9800",`icon`="archive",`sort_order`=0 WHERE `file_folders`.`deleted_at` IS NULL AND `id` = 29
[GIN] 2025/09/11 - 08:58:17 | 200 |   87.907871ms |       127.0.0.1 | POST     "/api/v1/folders/system/create"
2025/09/11 08:58:17 [DEBUG] 开始验证JWT令牌
2025/09/11 08:58:17 [DEBUG] 令牌字符串长度: 388
2025/09/11 08:58:17 [DEBUG] 令牌字符串前50个字符: eyJhbGciOiJIUzI1NiIsInR5cCI6IkpXVCJ9.eyJ1c2VyX2lkI...
2025/09/11 08:58:17 [DEBUG] JWT密钥长度: 27
2025/09/11 08:58:17 [DEBUG] JWT密钥内容: your-development-secret-key
2025/09/11 08:58:17 [DEBUG] 令牌头部: {"alg":"HS256","typ":"JWT"}
2025/09/11 08:58:17 [DEBUG] 令牌签名方法: HS256
2025/09/11 08:58:17 [DEBUG] 返回密钥进行验证，长度: 27
2025/09/11 08:58:17 [DEBUG] 令牌解析完成，有效性: true
2025/09/11 08:58:17 [DEBUG] 声明类型正确，用户ID: 3, 用户名: test_297347
2025/09/11 08:58:17 [DEBUG] 令牌有效，返回声明

2025/09/11 08:58:17 [32m/mnt/d/暑期项目/HorizonCloudService-main/services/file-service/internal/repository/upload_repository.go:74
[0m[33m[0.943ms] [34;1m[rows:1][0m SELECT count(*) FROM `file_upload_sessions` WHERE user_id = 3 AND `file_upload_sessions`.`deleted_at` IS NULL

2025/09/11 08:58:17 [32m/mnt/d/暑期项目/HorizonCloudService-main/services/file-service/internal/repository/upload_repository.go:82
[0m[33m[0.628ms] [34;1m[rows:0][0m SELECT * FROM `file_upload_sessions` WHERE user_id = 3 AND `file_upload_sessions`.`deleted_at` IS NULL ORDER BY created_at DESC LIMIT 20
[GIN] 2025/09/11 - 08:58:17 | 200 |    2.708101ms |       127.0.0.1 | GET      "/api/v1/upload/sessions"
2025/09/11 08:58:17 [DEBUG] 开始验证JWT令牌
2025/09/11 08:58:17 [DEBUG] 令牌字符串长度: 388
2025/09/11 08:58:17 [DEBUG] 令牌字符串前50个字符: eyJhbGciOiJIUzI1NiIsInR5cCI6IkpXVCJ9.eyJ1c2VyX2lkI...
2025/09/11 08:58:17 [DEBUG] JWT密钥长度: 27
2025/09/11 08:58:17 [DEBUG] JWT密钥内容: your-development-secret-key
2025/09/11 08:58:17 [DEBUG] 令牌头部: {"alg":"HS256","typ":"JWT"}
2025/09/11 08:58:17 [DEBUG] 令牌签名方法: HS256
2025/09/11 08:58:17 [DEBUG] 返回密钥进行验证，长度: 27
2025/09/11 08:58:17 [DEBUG] 令牌解析完成，有效性: true
2025/09/11 08:58:17 [DEBUG] 声明类型正确，用户ID: 3, 用户名: test_297347
2025/09/11 08:58:17 [DEBUG] 令牌有效，返回声明
[GIN] 2025/09/11 - 08:58:17 | 500 |    2.178889ms |       127.0.0.1 | POST     "/api/v1/upload/simple"
2025/09/11 08:58:17 [DEBUG] 开始验证JWT令牌
2025/09/11 08:58:17 [DEBUG] 令牌字符串长度: 388
2025/09/11 08:58:17 [DEBUG] 令牌字符串前50个字符: eyJhbGciOiJIUzI1NiIsInR5cCI6IkpXVCJ9.eyJ1c2VyX2lkI...
2025/09/11 08:58:17 [DEBUG] JWT密钥长度: 27
2025/09/11 08:58:17 [DEBUG] JWT密钥内容: your-development-secret-key
2025/09/11 08:58:17 [DEBUG] 令牌头部: {"alg":"HS256","typ":"JWT"}
2025/09/11 08:58:17 [DEBUG] 令牌签名方法: HS256
2025/09/11 08:58:17 [DEBUG] 返回密钥进行验证，长度: 27
2025/09/11 08:58:17 [DEBUG] 令牌解析完成，有效性: true
2025/09/11 08:58:17 [DEBUG] 声明类型正确，用户ID: 3, 用户名: test_297347
2025/09/11 08:58:17 [DEBUG] 令牌有效，返回声明
[GIN] 2025/09/11 - 08:58:17 | 500 |    1.024132ms |       127.0.0.1 | POST     "/api/v1/upload/initiate"
2025/09/11 08:58:17 [DEBUG] 开始验证JWT令牌
2025/09/11 08:58:17 [DEBUG] 令牌字符串长度: 388
2025/09/11 08:58:17 [DEBUG] 令牌字符串前50个字符: eyJhbGciOiJIUzI1NiIsInR5cCI6IkpXVCJ9.eyJ1c2VyX2lkI...
2025/09/11 08:58:17 [DEBUG] JWT密钥长度: 27
2025/09/11 08:58:17 [DEBUG] JWT密钥内容: your-development-secret-key
2025/09/11 08:58:17 [DEBUG] 令牌头部: {"alg":"HS256","typ":"JWT"}
2025/09/11 08:58:17 [DEBUG] 令牌签名方法: HS256
2025/09/11 08:58:17 [DEBUG] 返回密钥进行验证，长度: 27
2025/09/11 08:58:17 [DEBUG] 令牌解析完成，有效性: true
2025/09/11 08:58:17 [DEBUG] 声明类型正确，用户ID: 3, 用户名: test_297347
2025/09/11 08:58:17 [DEBUG] 令牌有效，返回声明

2025/09/11 08:58:17 [32m/mnt/d/暑期项目/HorizonCloudService-main/services/file-service/internal/repository/upload_repository.go:74
[0m[33m[1.234ms] [34;1m[rows:1][0m SELECT count(*) FROM `file_upload_sessions` WHERE user_id = 3 AND `file_upload_sessions`.`deleted_at` IS NULL

2025/09/11 08:58:17 [32m/mnt/d/暑期项目/HorizonCloudService-main/services/file-service/internal/repository/upload_repository.go:82
[0m[33m[0.604ms] [34;1m[rows:0][0m SELECT * FROM `file_upload_sessions` WHERE user_id = 3 AND `file_upload_sessions`.`deleted_at` IS NULL ORDER BY created_at DESC LIMIT 1000
[GIN] 2025/09/11 - 08:58:17 | 200 |    2.880816ms |       127.0.0.1 | GET      "/api/v1/upload/statistics"
2025/09/11 08:58:17 [DEBUG] 开始验证JWT令牌
2025/09/11 08:58:17 [DEBUG] 令牌字符串长度: 388
2025/09/11 08:58:17 [DEBUG] 令牌字符串前50个字符: eyJhbGciOiJIUzI1NiIsInR5cCI6IkpXVCJ9.eyJ1c2VyX2lkI...
2025/09/11 08:58:17 [DEBUG] JWT密钥长度: 27
2025/09/11 08:58:17 [DEBUG] JWT密钥内容: your-development-secret-key
2025/09/11 08:58:17 [DEBUG] 令牌头部: {"alg":"HS256","typ":"JWT"}
2025/09/11 08:58:17 [DEBUG] 令牌签名方法: HS256
2025/09/11 08:58:17 [DEBUG] 返回密钥进行验证，长度: 27
2025/09/11 08:58:17 [DEBUG] 令牌解析完成，有效性: true
2025/09/11 08:58:17 [DEBUG] 声明类型正确，用户ID: 3, 用户名: test_297347
2025/09/11 08:58:17 [DEBUG] 令牌有效，返回声明
[GIN] 2025/09/11 - 08:58:17 | 500 |     885.832µs |       127.0.0.1 | POST     "/api/v1/upload/initiate"
2025/09/11 08:58:17 [DEBUG] 开始验证JWT令牌
2025/09/11 08:58:17 [DEBUG] 令牌字符串长度: 388
2025/09/11 08:58:17 [DEBUG] 令牌字符串前50个字符: eyJhbGciOiJIUzI1NiIsInR5cCI6IkpXVCJ9.eyJ1c2VyX2lkI...
2025/09/11 08:58:17 [DEBUG] JWT密钥长度: 27
2025/09/11 08:58:17 [DEBUG] JWT密钥内容: your-development-secret-key
2025/09/11 08:58:17 [DEBUG] 令牌头部: {"alg":"HS256","typ":"JWT"}
2025/09/11 08:58:17 [DEBUG] 令牌签名方法: HS256
2025/09/11 08:58:17 [DEBUG] 返回密钥进行验证，长度: 27
2025/09/11 08:58:17 [DEBUG] 令牌解析完成，有效性: true
2025/09/11 08:58:17 [DEBUG] 声明类型正确，用户ID: 3, 用户名: test_297347
2025/09/11 08:58:17 [DEBUG] 令牌有效，返回声明

2025/09/11 08:58:17 [32m/mnt/d/暑期项目/HorizonCloudService-main/services/file-service/internal/repository/file_repository.go:164
[0m[33m[0.809ms] [34;1m[rows:1][0m SELECT count(*) FROM `file_files` WHERE user_id = 3 AND folder_id IS NULL AND status = 1 AND `file_files`.`deleted_at` IS NULL

2025/09/11 08:58:17 [32m/mnt/d/暑期项目/HorizonCloudService-main/services/file-service/internal/repository/file_repository.go:177
[0m[33m[0.627ms] [34;1m[rows:0][0m SELECT * FROM `file_files` WHERE user_id = 3 AND folder_id IS NULL AND status = 1 AND `file_files`.`deleted_at` IS NULL ORDER BY created_at DESC LIMIT 20
[GIN] 2025/09/11 - 08:58:17 | 200 |     2.57261ms |       127.0.0.1 | GET      "/api/v1/files"
[GIN] 2025/09/11 - 09:11:37 | 200 |    2.644541ms |       127.0.0.1 | GET      "/api/v1/health"
[GIN] 2025/09/11 - 09:11:37 | 200 |     2.13866ms |       127.0.0.1 | GET      "/api/v1/health/ready"
[GIN] 2025/09/11 - 09:11:37 | 200 |      13.421µs |       127.0.0.1 | GET      "/api/v1/health/metrics"
[GIN] 2025/09/11 - 09:11:37 | 200 |       8.626µs |       127.0.0.1 | GET      "/api/v1/health/stats"
2025/09/11 09:11:37 [DEBUG] 开始验证JWT令牌
2025/09/11 09:11:37 [DEBUG] 令牌字符串长度: 388
2025/09/11 09:11:37 [DEBUG] 令牌字符串前50个字符: eyJhbGciOiJIUzI1NiIsInR5cCI6IkpXVCJ9.eyJ1c2VyX2lkI...
2025/09/11 09:11:37 [DEBUG] JWT密钥长度: 27
2025/09/11 09:11:37 [DEBUG] JWT密钥内容: your-development-secret-key
2025/09/11 09:11:37 [DEBUG] 令牌头部: {"alg":"HS256","typ":"JWT"}
2025/09/11 09:11:37 [DEBUG] 令牌签名方法: HS256
2025/09/11 09:11:37 [DEBUG] 返回密钥进行验证，长度: 27
2025/09/11 09:11:37 [DEBUG] 令牌解析完成，有效性: true
2025/09/11 09:11:37 [DEBUG] 声明类型正确，用户ID: 4, 用户名: test_097128
2025/09/11 09:11:37 [DEBUG] 令牌有效，返回声明
[GIN] 2025/09/11 - 09:11:37 | 200 |    1.005315ms |       127.0.0.1 | GET      "/api/v1/auth/me"
2025/09/11 09:11:37 [DEBUG] 开始验证JWT令牌
2025/09/11 09:11:37 [DEBUG] 令牌字符串长度: 388
2025/09/11 09:11:37 [DEBUG] 令牌字符串前50个字符: eyJhbGciOiJIUzI1NiIsInR5cCI6IkpXVCJ9.eyJ1c2VyX2lkI...
2025/09/11 09:11:37 [DEBUG] JWT密钥长度: 27
2025/09/11 09:11:37 [DEBUG] JWT密钥内容: your-development-secret-key
2025/09/11 09:11:37 [DEBUG] 令牌头部: {"alg":"HS256","typ":"JWT"}
2025/09/11 09:11:37 [DEBUG] 令牌签名方法: HS256
2025/09/11 09:11:37 [DEBUG] 返回密钥进行验证，长度: 27
2025/09/11 09:11:37 [DEBUG] 令牌解析完成，有效性: true
2025/09/11 09:11:37 [DEBUG] 声明类型正确，用户ID: 4, 用户名: test_097128
2025/09/11 09:11:37 [DEBUG] 令牌有效，返回声明

2025/09/11 09:11:37 [32m/mnt/d/暑期项目/HorizonCloudService-main/services/file-service/internal/repository/file_repository.go:164
[0m[33m[0.766ms] [34;1m[rows:1][0m SELECT count(*) FROM `file_files` WHERE user_id = 4 AND folder_id IS NULL AND status = 1 AND `file_files`.`deleted_at` IS NULL

2025/09/11 09:11:37 [32m/mnt/d/暑期项目/HorizonCloudService-main/services/file-service/internal/repository/file_repository.go:177
[0m[33m[0.620ms] [34;1m[rows:0][0m SELECT * FROM `file_files` WHERE user_id = 4 AND folder_id IS NULL AND status = 1 AND `file_files`.`deleted_at` IS NULL ORDER BY created_at DESC LIMIT 20
[GIN] 2025/09/11 - 09:11:37 | 200 |    2.664611ms |       127.0.0.1 | GET      "/api/v1/files"
2025/09/11 09:11:37 [DEBUG] 开始验证JWT令牌
2025/09/11 09:11:37 [DEBUG] 令牌字符串长度: 388
2025/09/11 09:11:37 [DEBUG] 令牌字符串前50个字符: eyJhbGciOiJIUzI1NiIsInR5cCI6IkpXVCJ9.eyJ1c2VyX2lkI...
2025/09/11 09:11:37 [DEBUG] JWT密钥长度: 27
2025/09/11 09:11:37 [DEBUG] JWT密钥内容: your-development-secret-key
2025/09/11 09:11:37 [DEBUG] 令牌头部: {"alg":"HS256","typ":"JWT"}
2025/09/11 09:11:37 [DEBUG] 令牌签名方法: HS256
2025/09/11 09:11:37 [DEBUG] 返回密钥进行验证，长度: 27
2025/09/11 09:11:37 [DEBUG] 令牌解析完成，有效性: true
2025/09/11 09:11:37 [DEBUG] 声明类型正确，用户ID: 4, 用户名: test_097128
2025/09/11 09:11:37 [DEBUG] 令牌有效，返回声明

2025/09/11 09:11:37 [32m/mnt/d/暑期项目/HorizonCloudService-main/services/file-service/internal/repository/folder_repository.go:175
[0m[33m[0.711ms] [34;1m[rows:0][0m SELECT * FROM `file_folders` WHERE (user_id = 4 AND parent_id IS NULL) AND `file_folders`.`deleted_at` IS NULL ORDER BY sort_order ASC, name ASC
[GIN] 2025/09/11 - 09:11:37 | 200 |    1.619624ms |       127.0.0.1 | GET      "/api/v1/folders"
2025/09/11 09:11:37 [DEBUG] 开始验证JWT令牌
2025/09/11 09:11:37 [DEBUG] 令牌字符串长度: 388
2025/09/11 09:11:37 [DEBUG] 令牌字符串前50个字符: eyJhbGciOiJIUzI1NiIsInR5cCI6IkpXVCJ9.eyJ1c2VyX2lkI...
2025/09/11 09:11:37 [DEBUG] JWT密钥长度: 27
2025/09/11 09:11:37 [DEBUG] JWT密钥内容: your-development-secret-key
2025/09/11 09:11:37 [DEBUG] 令牌头部: {"alg":"HS256","typ":"JWT"}
2025/09/11 09:11:37 [DEBUG] 令牌签名方法: HS256
2025/09/11 09:11:37 [DEBUG] 返回密钥进行验证，长度: 27
2025/09/11 09:11:37 [DEBUG] 令牌解析完成，有效性: true
2025/09/11 09:11:37 [DEBUG] 声明类型正确，用户ID: 4, 用户名: test_097128
2025/09/11 09:11:37 [DEBUG] 令牌有效，返回声明
[GIN] 2025/09/11 - 09:11:37 | 500 |     826.611µs |       127.0.0.1 | GET      "/api/v1/quota/status"
2025/09/11 09:11:37 [DEBUG] 开始验证JWT令牌
2025/09/11 09:11:37 [DEBUG] 令牌字符串长度: 388
2025/09/11 09:11:37 [DEBUG] 令牌字符串前50个字符: eyJhbGciOiJIUzI1NiIsInR5cCI6IkpXVCJ9.eyJ1c2VyX2lkI...
2025/09/11 09:11:37 [DEBUG] JWT密钥长度: 27
2025/09/11 09:11:37 [DEBUG] JWT密钥内容: your-development-secret-key
2025/09/11 09:11:37 [DEBUG] 令牌头部: {"alg":"HS256","typ":"JWT"}
2025/09/11 09:11:37 [DEBUG] 令牌签名方法: HS256
2025/09/11 09:11:37 [DEBUG] 返回密钥进行验证，长度: 27
2025/09/11 09:11:37 [DEBUG] 令牌解析完成，有效性: true
2025/09/11 09:11:37 [DEBUG] 声明类型正确，用户ID: 4, 用户名: test_097128
2025/09/11 09:11:37 [DEBUG] 令牌有效，返回声明

2025/09/11 09:11:37 [31;1m/mnt/d/暑期项目/HorizonCloudService-main/services/file-service/internal/repository/file_repository.go:200 [35;1munrecognized token: "@"
[0m[33m[0.044ms] [34;1m[rows:0][0m SELECT count(*) FROM `file_files` WHERE user_id = 4 AND (to_tsvector('simple', name) @@ plainto_tsquery('simple', "test") OR to_tsvector('simple', original_name) @@ plainto_tsquery('simple', "test") OR name ILIKE "%test%" OR original_name ILIKE "%test%") AND size >= 0 AND size <= 0 AND status = 1 AND created_at >= "" AND created_at <= "" AND `file_files`.`deleted_at` IS NULL
[GIN] 2025/09/11 - 09:11:37 | 500 |     3.68174ms |       127.0.0.1 | GET      "/api/v1/files/search?q=test&limit=10&offset=0"
2025/09/11 09:11:37 [DEBUG] 开始验证JWT令牌
2025/09/11 09:11:37 [DEBUG] 令牌字符串长度: 388
2025/09/11 09:11:37 [DEBUG] 令牌字符串前50个字符: eyJhbGciOiJIUzI1NiIsInR5cCI6IkpXVCJ9.eyJ1c2VyX2lkI...
2025/09/11 09:11:37 [DEBUG] JWT密钥长度: 27
2025/09/11 09:11:37 [DEBUG] JWT密钥内容: your-development-secret-key
2025/09/11 09:11:37 [DEBUG] 令牌头部: {"alg":"HS256","typ":"JWT"}
2025/09/11 09:11:37 [DEBUG] 令牌签名方法: HS256
2025/09/11 09:11:37 [DEBUG] 返回密钥进行验证，长度: 27
2025/09/11 09:11:37 [DEBUG] 令牌解析完成，有效性: true
2025/09/11 09:11:37 [DEBUG] 声明类型正确，用户ID: 4, 用户名: test_097128
2025/09/11 09:11:37 [DEBUG] 令牌有效，返回声明

2025/09/11 09:11:37 [32m/mnt/d/暑期项目/HorizonCloudService-main/services/file-service/internal/repository/file_repository.go:424
[0m[33m[0.666ms] [34;1m[rows:1][0m SELECT count(*) FROM `file_files` WHERE user_id = 4 AND `file_files`.`deleted_at` IS NULL

2025/09/11 09:11:37 [32m/mnt/d/暑期项目/HorizonCloudService-main/services/file-service/internal/repository/file_repository.go:437
[0m[33m[0.609ms] [34;1m[rows:1][0m SELECT COALESCE(SUM(size), 0) as total_size FROM `file_files` WHERE user_id = 4 AND `file_files`.`deleted_at` IS NULL

2025/09/11 09:11:37 [32m/mnt/d/暑期项目/HorizonCloudService-main/services/file-service/internal/repository/folder_repository.go:165
[0m[33m[0.568ms] [34;1m[rows:0][0m SELECT * FROM `file_folders` WHERE user_id = 4 AND `file_folders`.`deleted_at` IS NULL ORDER BY level ASC, name ASC
[GIN] 2025/09/11 - 09:11:37 | 200 |    3.439834ms |       127.0.0.1 | GET      "/api/v1/files/stats"
2025/09/11 09:11:37 [DEBUG] 开始验证JWT令牌
2025/09/11 09:11:37 [DEBUG] 令牌字符串长度: 388
2025/09/11 09:11:37 [DEBUG] 令牌字符串前50个字符: eyJhbGciOiJIUzI1NiIsInR5cCI6IkpXVCJ9.eyJ1c2VyX2lkI...
2025/09/11 09:11:37 [DEBUG] JWT密钥长度: 27
2025/09/11 09:11:37 [DEBUG] JWT密钥内容: your-development-secret-key
2025/09/11 09:11:37 [DEBUG] 令牌头部: {"alg":"HS256","typ":"JWT"}
2025/09/11 09:11:37 [DEBUG] 令牌签名方法: HS256
2025/09/11 09:11:37 [DEBUG] 返回密钥进行验证，长度: 27
2025/09/11 09:11:37 [DEBUG] 令牌解析完成，有效性: true
2025/09/11 09:11:37 [DEBUG] 声明类型正确，用户ID: 4, 用户名: test_097128
2025/09/11 09:11:37 [DEBUG] 令牌有效，返回声明

2025/09/11 09:11:37 [32m/mnt/d/暑期项目/HorizonCloudService-main/services/file-service/internal/repository/file_repository.go:437
[0m[33m[0.595ms] [34;1m[rows:1][0m SELECT COALESCE(SUM(size), 0) as total_size FROM `file_files` WHERE user_id = 4 AND `file_files`.`deleted_at` IS NULL

2025/09/11 09:11:37 [32m/mnt/d/暑期项目/HorizonCloudService-main/services/file-service/internal/repository/file_repository.go:424
[0m[33m[0.562ms] [34;1m[rows:1][0m SELECT count(*) FROM `file_files` WHERE user_id = 4 AND `file_files`.`deleted_at` IS NULL

2025/09/11 09:11:37 [32m/mnt/d/暑期项目/HorizonCloudService-main/services/file-service/internal/repository/file_repository.go:453
[0m[33m[0.709ms] [34;1m[rows:0][0m SELECT category, COUNT(*) as count FROM `file_files` WHERE user_id = 4 AND `file_files`.`deleted_at` IS NULL GROUP BY `category`

2025/09/11 09:11:37 [32m/mnt/d/暑期项目/HorizonCloudService-main/services/file-service/internal/repository/file_repository.go:477
[0m[33m[0.574ms] [34;1m[rows:0][0m SELECT storage_tier, COALESCE(SUM(size), 0) as total_size FROM `file_files` WHERE user_id = 4 AND `file_files`.`deleted_at` IS NULL GROUP BY `storage_tier`
[GIN] 2025/09/11 - 09:11:37 | 200 |    3.616736ms |       127.0.0.1 | GET      "/api/v1/files/storage-stats"
2025/09/11 09:11:37 [DEBUG] 开始验证JWT令牌
2025/09/11 09:11:37 [DEBUG] 令牌字符串长度: 388
2025/09/11 09:11:37 [DEBUG] 令牌字符串前50个字符: eyJhbGciOiJIUzI1NiIsInR5cCI6IkpXVCJ9.eyJ1c2VyX2lkI...
2025/09/11 09:11:37 [DEBUG] JWT密钥长度: 27
2025/09/11 09:11:37 [DEBUG] JWT密钥内容: your-development-secret-key
2025/09/11 09:11:37 [DEBUG] 令牌头部: {"alg":"HS256","typ":"JWT"}
2025/09/11 09:11:37 [DEBUG] 令牌签名方法: HS256
2025/09/11 09:11:37 [DEBUG] 返回密钥进行验证，长度: 27
2025/09/11 09:11:37 [DEBUG] 令牌解析完成，有效性: true
2025/09/11 09:11:37 [DEBUG] 声明类型正确，用户ID: 4, 用户名: test_097128
2025/09/11 09:11:37 [DEBUG] 令牌有效，返回声明

2025/09/11 09:11:37 [32m/mnt/d/暑期项目/HorizonCloudService-main/services/file-service/internal/repository/file_repository.go:164
[0m[33m[0.592ms] [34;1m[rows:1][0m SELECT count(*) FROM `file_files` WHERE user_id = 4 AND folder_id IS NULL AND status = 1 AND `file_files`.`deleted_at` IS NULL

2025/09/11 09:11:37 [32m/mnt/d/暑期项目/HorizonCloudService-main/services/file-service/internal/repository/file_repository.go:177
[0m[33m[0.577ms] [34;1m[rows:0][0m SELECT * FROM `file_files` WHERE user_id = 4 AND folder_id IS NULL AND status = 1 AND `file_files`.`deleted_at` IS NULL ORDER BY created_at DESC LIMIT 10000
[GIN] 2025/09/11 - 09:11:37 | 200 |    2.209182ms |       127.0.0.1 | GET      "/api/v1/files/duplicates"
2025/09/11 09:11:37 [DEBUG] 开始验证JWT令牌
2025/09/11 09:11:37 [DEBUG] 令牌字符串长度: 388
2025/09/11 09:11:37 [DEBUG] 令牌字符串前50个字符: eyJhbGciOiJIUzI1NiIsInR5cCI6IkpXVCJ9.eyJ1c2VyX2lkI...
2025/09/11 09:11:37 [DEBUG] JWT密钥长度: 27
2025/09/11 09:11:37 [DEBUG] JWT密钥内容: your-development-secret-key
2025/09/11 09:11:37 [DEBUG] 令牌头部: {"alg":"HS256","typ":"JWT"}
2025/09/11 09:11:37 [DEBUG] 令牌签名方法: HS256
2025/09/11 09:11:37 [DEBUG] 返回密钥进行验证，长度: 27
2025/09/11 09:11:37 [DEBUG] 令牌解析完成，有效性: true
2025/09/11 09:11:37 [DEBUG] 声明类型正确，用户ID: 4, 用户名: test_097128
2025/09/11 09:11:37 [DEBUG] 令牌有效，返回声明

2025/09/11 09:11:37 [32m/mnt/d/暑期项目/HorizonCloudService-main/services/file-service/internal/repository/file_repository.go:164
[0m[33m[0.569ms] [34;1m[rows:1][0m SELECT count(*) FROM `file_files` WHERE user_id = 4 AND folder_id IS NULL AND status = 1 AND `file_files`.`deleted_at` IS NULL

2025/09/11 09:11:37 [32m/mnt/d/暑期项目/HorizonCloudService-main/services/file-service/internal/repository/file_repository.go:177
[0m[33m[0.564ms] [34;1m[rows:0][0m SELECT * FROM `file_files` WHERE user_id = 4 AND folder_id IS NULL AND status = 1 AND `file_files`.`deleted_at` IS NULL ORDER BY created_at DESC LIMIT 20
[GIN] 2025/09/11 - 09:11:37 | 200 |    2.093529ms |       127.0.0.1 | GET      "/api/v1/files?limit=1"
2025/09/11 09:11:37 [DEBUG] 开始验证JWT令牌
2025/09/11 09:11:37 [DEBUG] 令牌字符串长度: 388
2025/09/11 09:11:37 [DEBUG] 令牌字符串前50个字符: eyJhbGciOiJIUzI1NiIsInR5cCI6IkpXVCJ9.eyJ1c2VyX2lkI...
2025/09/11 09:11:37 [DEBUG] JWT密钥长度: 27
2025/09/11 09:11:37 [DEBUG] JWT密钥内容: your-development-secret-key
2025/09/11 09:11:37 [DEBUG] 令牌头部: {"alg":"HS256","typ":"JWT"}
2025/09/11 09:11:37 [DEBUG] 令牌签名方法: HS256
2025/09/11 09:11:37 [DEBUG] 返回密钥进行验证，长度: 27
2025/09/11 09:11:37 [DEBUG] 令牌解析完成，有效性: true
2025/09/11 09:11:37 [DEBUG] 声明类型正确，用户ID: 4, 用户名: test_097128
2025/09/11 09:11:37 [DEBUG] 令牌有效，返回声明

2025/09/11 09:11:37 [31;1m/mnt/d/暑期项目/HorizonCloudService-main/services/file-service/internal/repository/folder_repository.go:421 [35;1mrecord not found
[0m[33m[0.712ms] [34;1m[rows:0][0m SELECT * FROM `file_folders` WHERE (user_id = 4 AND name = "完整测试文件夹") AND parent_id IS NULL AND `file_folders`.`deleted_at` IS NULL ORDER BY `file_folders`.`id` LIMIT 1

2025/09/11 09:11:37 [32m/mnt/d/暑期项目/HorizonCloudService-main/services/file-service/internal/repository/folder_repository.go:73
[0m[33m[5.464ms] [34;1m[rows:1][0m INSERT INTO `file_folders` (`created_at`,`updated_at`,`deleted_at`,`name`,`path`,`description`,`parent_id`,`level`,`materialized_path`,`user_id`,`status`,`is_system`,`is_shared`,`file_count`,`folder_count`,`total_size`,`color`,`icon`,`sort_order`) VALUES ("2025-09-11 01:11:37.322","2025-09-11 01:11:37.322",NULL,"完整测试文件夹","/完整测试文件夹","JavaScript自动化集成测试创建的文件夹",NULL,0,"",4,1,false,false,0,0,0,"","",0) RETURNING `id`

2025/09/11 09:11:37 [32m/mnt/d/暑期项目/HorizonCloudService-main/services/file-service/internal/repository/folder_repository.go:91
[0m[33m[0.102ms] [34;1m[rows:1][0m UPDATE `file_folders` SET `created_at`="2025-09-11 01:11:37.322",`updated_at`="2025-09-11 01:11:37.327",`deleted_at`=NULL,`name`="完整测试文件夹",`path`="/完整测试文件夹",`description`="JavaScript自动化集成测试创建的文件夹",`parent_id`=NULL,`level`=0,`materialized_path`="/30",`user_id`=4,`status`=1,`is_system`=false,`is_shared`=false,`file_count`=0,`folder_count`=0,`total_size`=0,`color`="",`icon`="",`sort_order`=0 WHERE `file_folders`.`deleted_at` IS NULL AND `id` = 30
[GIN] 2025/09/11 - 09:11:37 | 200 |   15.657049ms |       127.0.0.1 | POST     "/api/v1/folders"
2025/09/11 09:11:37 [DEBUG] 开始验证JWT令牌
2025/09/11 09:11:37 [DEBUG] 令牌字符串长度: 388
2025/09/11 09:11:37 [DEBUG] 令牌字符串前50个字符: eyJhbGciOiJIUzI1NiIsInR5cCI6IkpXVCJ9.eyJ1c2VyX2lkI...
2025/09/11 09:11:37 [DEBUG] JWT密钥长度: 27
2025/09/11 09:11:37 [DEBUG] JWT密钥内容: your-development-secret-key
2025/09/11 09:11:37 [DEBUG] 令牌头部: {"alg":"HS256","typ":"JWT"}
2025/09/11 09:11:37 [DEBUG] 令牌签名方法: HS256
2025/09/11 09:11:37 [DEBUG] 返回密钥进行验证，长度: 27
2025/09/11 09:11:37 [DEBUG] 令牌解析完成，有效性: true
2025/09/11 09:11:37 [DEBUG] 声明类型正确，用户ID: 4, 用户名: test_097128
2025/09/11 09:11:37 [DEBUG] 令牌有效，返回声明

2025/09/11 09:11:37 [32m/mnt/d/暑期项目/HorizonCloudService-main/services/file-service/internal/repository/folder_repository.go:193
[0m[33m[0.705ms] [34;1m[rows:1][0m SELECT * FROM `file_folders` WHERE user_id = 4 AND `file_folders`.`deleted_at` IS NULL ORDER BY level ASC, name ASC
[GIN] 2025/09/11 - 09:11:37 | 200 |    1.741789ms |       127.0.0.1 | GET      "/api/v1/folders/tree"
2025/09/11 09:11:37 [DEBUG] 开始验证JWT令牌
2025/09/11 09:11:37 [DEBUG] 令牌字符串长度: 388
2025/09/11 09:11:37 [DEBUG] 令牌字符串前50个字符: eyJhbGciOiJIUzI1NiIsInR5cCI6IkpXVCJ9.eyJ1c2VyX2lkI...
2025/09/11 09:11:37 [DEBUG] JWT密钥长度: 27
2025/09/11 09:11:37 [DEBUG] JWT密钥内容: your-development-secret-key
2025/09/11 09:11:37 [DEBUG] 令牌头部: {"alg":"HS256","typ":"JWT"}
2025/09/11 09:11:37 [DEBUG] 令牌签名方法: HS256
2025/09/11 09:11:37 [DEBUG] 返回密钥进行验证，长度: 27
2025/09/11 09:11:37 [DEBUG] 令牌解析完成，有效性: true
2025/09/11 09:11:37 [DEBUG] 声明类型正确，用户ID: 4, 用户名: test_097128
2025/09/11 09:11:37 [DEBUG] 令牌有效，返回声明

2025/09/11 09:11:37 [31;1m/mnt/d/暑期项目/HorizonCloudService-main/services/file-service/internal/repository/folder_repository.go:396 [35;1munrecognized token: "@"
[0m[33m[0.025ms] [34;1m[rows:0][0m SELECT count(*) FROM `file_folders` WHERE user_id = 4 AND (to_tsvector('simple', name) @@ plainto_tsquery('simple', "完整测试") OR name ILIKE "%完整测试%") AND `file_folders`.`deleted_at` IS NULL
[GIN] 2025/09/11 - 09:11:37 | 500 |    1.098386ms |       127.0.0.1 | GET      "/api/v1/folders/search?q=%E5%AE%8C%E6%95%B4%E6%B5%8B%E8%AF%95&limit=10&offset=0"
2025/09/11 09:11:37 [DEBUG] 开始验证JWT令牌
2025/09/11 09:11:37 [DEBUG] 令牌字符串长度: 388
2025/09/11 09:11:37 [DEBUG] 令牌字符串前50个字符: eyJhbGciOiJIUzI1NiIsInR5cCI6IkpXVCJ9.eyJ1c2VyX2lkI...
2025/09/11 09:11:37 [DEBUG] JWT密钥长度: 27
2025/09/11 09:11:37 [DEBUG] JWT密钥内容: your-development-secret-key
2025/09/11 09:11:37 [DEBUG] 令牌头部: {"alg":"HS256","typ":"JWT"}
2025/09/11 09:11:37 [DEBUG] 令牌签名方法: HS256
2025/09/11 09:11:37 [DEBUG] 返回密钥进行验证，长度: 27
2025/09/11 09:11:37 [DEBUG] 令牌解析完成，有效性: true
2025/09/11 09:11:37 [DEBUG] 声明类型正确，用户ID: 4, 用户名: test_097128
2025/09/11 09:11:37 [DEBUG] 令牌有效，返回声明

2025/09/11 09:11:37 [31;1m/mnt/d/暑期项目/HorizonCloudService-main/services/file-service/internal/repository/folder_repository.go:112 [35;1mrecord not found
[0m[33m[0.673ms] [34;1m[rows:0][0m SELECT * FROM `file_folders` WHERE (user_id = 4 AND path = "/") AND `file_folders`.`deleted_at` IS NULL ORDER BY `file_folders`.`id` LIMIT 1
[GIN] 2025/09/11 - 09:11:37 | 404 |    1.456095ms |       127.0.0.1 | GET      "/api/v1/folders/by-path?path=%2F"
2025/09/11 09:11:37 [DEBUG] 开始验证JWT令牌
2025/09/11 09:11:37 [DEBUG] 令牌字符串长度: 388
2025/09/11 09:11:37 [DEBUG] 令牌字符串前50个字符: eyJhbGciOiJIUzI1NiIsInR5cCI6IkpXVCJ9.eyJ1c2VyX2lkI...
2025/09/11 09:11:37 [DEBUG] JWT密钥长度: 27
2025/09/11 09:11:37 [DEBUG] JWT密钥内容: your-development-secret-key
2025/09/11 09:11:37 [DEBUG] 令牌头部: {"alg":"HS256","typ":"JWT"}
2025/09/11 09:11:37 [DEBUG] 令牌签名方法: HS256
2025/09/11 09:11:37 [DEBUG] 返回密钥进行验证，长度: 27
2025/09/11 09:11:37 [DEBUG] 令牌解析完成，有效性: true
2025/09/11 09:11:37 [DEBUG] 声明类型正确，用户ID: 4, 用户名: test_097128
2025/09/11 09:11:37 [DEBUG] 令牌有效，返回声明

2025/09/11 09:11:37 [32m/mnt/d/暑期项目/HorizonCloudService-main/services/file-service/internal/repository/folder_repository.go:73
[0m[33m[4.741ms] [34;1m[rows:1][0m INSERT INTO `file_folders` (`created_at`,`updated_at`,`deleted_at`,`name`,`path`,`description`,`parent_id`,`level`,`materialized_path`,`user_id`,`status`,`is_system`,`is_shared`,`file_count`,`folder_count`,`total_size`,`color`,`icon`,`sort_order`) VALUES ("2025-09-11 01:11:37.344","2025-09-11 01:11:37.344",NULL,"Images","/Images","",NULL,0,"",4,1,true,false,0,0,0,"#4CAF50","image",0) RETURNING `id`

2025/09/11 09:11:37 [32m/mnt/d/暑期项目/HorizonCloudService-main/services/file-service/internal/repository/folder_repository.go:91
[0m[33m[0.107ms] [34;1m[rows:1][0m UPDATE `file_folders` SET `created_at`="2025-09-11 01:11:37.344",`updated_at`="2025-09-11 01:11:37.349",`deleted_at`=NULL,`name`="Images",`path`="/Images",`description`="",`parent_id`=NULL,`level`=0,`materialized_path`="/31",`user_id`=4,`status`=1,`is_system`=true,`is_shared`=false,`file_count`=0,`folder_count`=0,`total_size`=0,`color`="#4CAF50",`icon`="image",`sort_order`=0 WHERE `file_folders`.`deleted_at` IS NULL AND `id` = 31

2025/09/11 09:11:37 [32m/mnt/d/暑期项目/HorizonCloudService-main/services/file-service/internal/repository/folder_repository.go:73
[0m[33m[4.186ms] [34;1m[rows:1][0m INSERT INTO `file_folders` (`created_at`,`updated_at`,`deleted_at`,`name`,`path`,`description`,`parent_id`,`level`,`materialized_path`,`user_id`,`status`,`is_system`,`is_shared`,`file_count`,`folder_count`,`total_size`,`color`,`icon`,`sort_order`) VALUES ("2025-09-11 01:11:37.358","2025-09-11 01:11:37.358",NULL,"Videos","/Videos","",NULL,0,"",4,1,true,false,0,0,0,"#FF5722","video",0) RETURNING `id`

2025/09/11 09:11:37 [32m/mnt/d/暑期项目/HorizonCloudService-main/services/file-service/internal/repository/folder_repository.go:91
[0m[33m[0.131ms] [34;1m[rows:1][0m UPDATE `file_folders` SET `created_at`="2025-09-11 01:11:37.358",`updated_at`="2025-09-11 01:11:37.362",`deleted_at`=NULL,`name`="Videos",`path`="/Videos",`description`="",`parent_id`=NULL,`level`=0,`materialized_path`="/32",`user_id`=4,`status`=1,`is_system`=true,`is_shared`=false,`file_count`=0,`folder_count`=0,`total_size`=0,`color`="#FF5722",`icon`="video",`sort_order`=0 WHERE `file_folders`.`deleted_at` IS NULL AND `id` = 32

2025/09/11 09:11:37 [32m/mnt/d/暑期项目/HorizonCloudService-main/services/file-service/internal/repository/folder_repository.go:73
[0m[33m[4.287ms] [34;1m[rows:1][0m INSERT INTO `file_folders` (`created_at`,`updated_at`,`deleted_at`,`name`,`path`,`description`,`parent_id`,`level`,`materialized_path`,`user_id`,`status`,`is_system`,`is_shared`,`file_count`,`folder_count`,`total_size`,`color`,`icon`,`sort_order`) VALUES ("2025-09-11 01:11:37.371","2025-09-11 01:11:37.371",NULL,"Audios","/Audios","",NULL,0,"",4,1,true,false,0,0,0,"#9C27B0","audio",0) RETURNING `id`

2025/09/11 09:11:37 [32m/mnt/d/暑期项目/HorizonCloudService-main/services/file-service/internal/repository/folder_repository.go:91
[0m[33m[0.102ms] [34;1m[rows:1][0m UPDATE `file_folders` SET `created_at`="2025-09-11 01:11:37.371",`updated_at`="2025-09-11 01:11:37.375",`deleted_at`=NULL,`name`="Audios",`path`="/Audios",`description`="",`parent_id`=NULL,`level`=0,`materialized_path`="/33",`user_id`=4,`status`=1,`is_system`=true,`is_shared`=false,`file_count`=0,`folder_count`=0,`total_size`=0,`color`="#9C27B0",`icon`="audio",`sort_order`=0 WHERE `file_folders`.`deleted_at` IS NULL AND `id` = 33

2025/09/11 09:11:37 [32m/mnt/d/暑期项目/HorizonCloudService-main/services/file-service/internal/repository/folder_repository.go:73
[0m[33m[4.048ms] [34;1m[rows:1][0m INSERT INTO `file_folders` (`created_at`,`updated_at`,`deleted_at`,`name`,`path`,`description`,`parent_id`,`level`,`materialized_path`,`user_id`,`status`,`is_system`,`is_shared`,`file_count`,`folder_count`,`total_size`,`color`,`icon`,`sort_order`) VALUES ("2025-09-11 01:11:37.384","2025-09-11 01:11:37.384",NULL,"Documents","/Documents","",NULL,0,"",4,1,true,false,0,0,0,"#2196F3","document",0) RETURNING `id`

2025/09/11 09:11:37 [32m/mnt/d/暑期项目/HorizonCloudService-main/services/file-service/internal/repository/folder_repository.go:91
[0m[33m[0.146ms] [34;1m[rows:1][0m UPDATE `file_folders` SET `created_at`="2025-09-11 01:11:37.384",`updated_at`="2025-09-11 01:11:37.388",`deleted_at`=NULL,`name`="Documents",`path`="/Documents",`description`="",`parent_id`=NULL,`level`=0,`materialized_path`="/34",`user_id`=4,`status`=1,`is_system`=true,`is_shared`=false,`file_count`=0,`folder_count`=0,`total_size`=0,`color`="#2196F3",`icon`="document",`sort_order`=0 WHERE `file_folders`.`deleted_at` IS NULL AND `id` = 34

2025/09/11 09:11:37 [32m/mnt/d/暑期项目/HorizonCloudService-main/services/file-service/internal/repository/folder_repository.go:73
[0m[33m[3.973ms] [34;1m[rows:1][0m INSERT INTO `file_folders` (`created_at`,`updated_at`,`deleted_at`,`name`,`path`,`description`,`parent_id`,`level`,`materialized_path`,`user_id`,`status`,`is_system`,`is_shared`,`file_count`,`folder_count`,`total_size`,`color`,`icon`,`sort_order`) VALUES ("2025-09-11 01:11:37.396","2025-09-11 01:11:37.396",NULL,"Archives","/Archives","",NULL,0,"",4,1,true,false,0,0,0,"#FF9800","archive",0) RETURNING `id`

2025/09/11 09:11:37 [32m/mnt/d/暑期项目/HorizonCloudService-main/services/file-service/internal/repository/folder_repository.go:91
[0m[33m[0.104ms] [34;1m[rows:1][0m UPDATE `file_folders` SET `created_at`="2025-09-11 01:11:37.396",`updated_at`="2025-09-11 01:11:37.4",`deleted_at`=NULL,`name`="Archives",`path`="/Archives",`description`="",`parent_id`=NULL,`level`=0,`materialized_path`="/35",`user_id`=4,`status`=1,`is_system`=true,`is_shared`=false,`file_count`=0,`folder_count`=0,`total_size`=0,`color`="#FF9800",`icon`="archive",`sort_order`=0 WHERE `file_folders`.`deleted_at` IS NULL AND `id` = 35
[GIN] 2025/09/11 - 09:11:37 | 200 |   65.345747ms |       127.0.0.1 | POST     "/api/v1/folders/system/create"
2025/09/11 09:11:37 [DEBUG] 开始验证JWT令牌
2025/09/11 09:11:37 [DEBUG] 令牌字符串长度: 388
2025/09/11 09:11:37 [DEBUG] 令牌字符串前50个字符: eyJhbGciOiJIUzI1NiIsInR5cCI6IkpXVCJ9.eyJ1c2VyX2lkI...
2025/09/11 09:11:37 [DEBUG] JWT密钥长度: 27
2025/09/11 09:11:37 [DEBUG] JWT密钥内容: your-development-secret-key
2025/09/11 09:11:37 [DEBUG] 令牌头部: {"alg":"HS256","typ":"JWT"}
2025/09/11 09:11:37 [DEBUG] 令牌签名方法: HS256
2025/09/11 09:11:37 [DEBUG] 返回密钥进行验证，长度: 27
2025/09/11 09:11:37 [DEBUG] 令牌解析完成，有效性: true
2025/09/11 09:11:37 [DEBUG] 声明类型正确，用户ID: 4, 用户名: test_097128
2025/09/11 09:11:37 [DEBUG] 令牌有效，返回声明

2025/09/11 09:11:37 [32m/mnt/d/暑期项目/HorizonCloudService-main/services/file-service/internal/repository/upload_repository.go:74
[0m[33m[0.774ms] [34;1m[rows:1][0m SELECT count(*) FROM `file_upload_sessions` WHERE user_id = 4 AND `file_upload_sessions`.`deleted_at` IS NULL

2025/09/11 09:11:37 [32m/mnt/d/暑期项目/HorizonCloudService-main/services/file-service/internal/repository/upload_repository.go:82
[0m[33m[0.775ms] [34;1m[rows:0][0m SELECT * FROM `file_upload_sessions` WHERE user_id = 4 AND `file_upload_sessions`.`deleted_at` IS NULL ORDER BY created_at DESC LIMIT 20
[GIN] 2025/09/11 - 09:11:37 | 200 |    2.543563ms |       127.0.0.1 | GET      "/api/v1/upload/sessions"
2025/09/11 09:11:37 [DEBUG] 开始验证JWT令牌
2025/09/11 09:11:37 [DEBUG] 令牌字符串长度: 388
2025/09/11 09:11:37 [DEBUG] 令牌字符串前50个字符: eyJhbGciOiJIUzI1NiIsInR5cCI6IkpXVCJ9.eyJ1c2VyX2lkI...
2025/09/11 09:11:37 [DEBUG] JWT密钥长度: 27
2025/09/11 09:11:37 [DEBUG] JWT密钥内容: your-development-secret-key
2025/09/11 09:11:37 [DEBUG] 令牌头部: {"alg":"HS256","typ":"JWT"}
2025/09/11 09:11:37 [DEBUG] 令牌签名方法: HS256
2025/09/11 09:11:37 [DEBUG] 返回密钥进行验证，长度: 27
2025/09/11 09:11:37 [DEBUG] 令牌解析完成，有效性: true
2025/09/11 09:11:37 [DEBUG] 声明类型正确，用户ID: 4, 用户名: test_097128
2025/09/11 09:11:37 [DEBUG] 令牌有效，返回声明
[GIN] 2025/09/11 - 09:11:37 | 500 |     835.176µs |       127.0.0.1 | POST     "/api/v1/upload/simple"
2025/09/11 09:11:37 [DEBUG] 开始验证JWT令牌
2025/09/11 09:11:37 [DEBUG] 令牌字符串长度: 388
2025/09/11 09:11:37 [DEBUG] 令牌字符串前50个字符: eyJhbGciOiJIUzI1NiIsInR5cCI6IkpXVCJ9.eyJ1c2VyX2lkI...
2025/09/11 09:11:37 [DEBUG] JWT密钥长度: 27
2025/09/11 09:11:37 [DEBUG] JWT密钥内容: your-development-secret-key
2025/09/11 09:11:37 [DEBUG] 令牌头部: {"alg":"HS256","typ":"JWT"}
2025/09/11 09:11:37 [DEBUG] 令牌签名方法: HS256
2025/09/11 09:11:37 [DEBUG] 返回密钥进行验证，长度: 27
2025/09/11 09:11:37 [DEBUG] 令牌解析完成，有效性: true
2025/09/11 09:11:37 [DEBUG] 声明类型正确，用户ID: 4, 用户名: test_097128
2025/09/11 09:11:37 [DEBUG] 令牌有效，返回声明
[GIN] 2025/09/11 - 09:11:37 | 500 |     806.243µs |       127.0.0.1 | POST     "/api/v1/upload/initiate"
2025/09/11 09:11:37 [DEBUG] 开始验证JWT令牌
2025/09/11 09:11:37 [DEBUG] 令牌字符串长度: 388
2025/09/11 09:11:37 [DEBUG] 令牌字符串前50个字符: eyJhbGciOiJIUzI1NiIsInR5cCI6IkpXVCJ9.eyJ1c2VyX2lkI...
2025/09/11 09:11:37 [DEBUG] JWT密钥长度: 27
2025/09/11 09:11:37 [DEBUG] JWT密钥内容: your-development-secret-key
2025/09/11 09:11:37 [DEBUG] 令牌头部: {"alg":"HS256","typ":"JWT"}
2025/09/11 09:11:37 [DEBUG] 令牌签名方法: HS256
2025/09/11 09:11:37 [DEBUG] 返回密钥进行验证，长度: 27
2025/09/11 09:11:37 [DEBUG] 令牌解析完成，有效性: true
2025/09/11 09:11:37 [DEBUG] 声明类型正确，用户ID: 4, 用户名: test_097128
2025/09/11 09:11:37 [DEBUG] 令牌有效，返回声明

2025/09/11 09:11:37 [32m/mnt/d/暑期项目/HorizonCloudService-main/services/file-service/internal/repository/upload_repository.go:74
[0m[33m[0.587ms] [34;1m[rows:1][0m SELECT count(*) FROM `file_upload_sessions` WHERE user_id = 4 AND `file_upload_sessions`.`deleted_at` IS NULL

2025/09/11 09:11:37 [32m/mnt/d/暑期项目/HorizonCloudService-main/services/file-service/internal/repository/upload_repository.go:82
[0m[33m[0.567ms] [34;1m[rows:0][0m SELECT * FROM `file_upload_sessions` WHERE user_id = 4 AND `file_upload_sessions`.`deleted_at` IS NULL ORDER BY created_at DESC LIMIT 1000
[GIN] 2025/09/11 - 09:11:37 | 200 |    2.081828ms |       127.0.0.1 | GET      "/api/v1/upload/statistics"
2025/09/11 09:11:37 [DEBUG] 开始验证JWT令牌
2025/09/11 09:11:37 [DEBUG] 令牌字符串长度: 388
2025/09/11 09:11:37 [DEBUG] 令牌字符串前50个字符: eyJhbGciOiJIUzI1NiIsInR5cCI6IkpXVCJ9.eyJ1c2VyX2lkI...
2025/09/11 09:11:37 [DEBUG] JWT密钥长度: 27
2025/09/11 09:11:37 [DEBUG] JWT密钥内容: your-development-secret-key
2025/09/11 09:11:37 [DEBUG] 令牌头部: {"alg":"HS256","typ":"JWT"}
2025/09/11 09:11:37 [DEBUG] 令牌签名方法: HS256
2025/09/11 09:11:37 [DEBUG] 返回密钥进行验证，长度: 27
2025/09/11 09:11:37 [DEBUG] 令牌解析完成，有效性: true
2025/09/11 09:11:37 [DEBUG] 声明类型正确，用户ID: 4, 用户名: test_097128
2025/09/11 09:11:37 [DEBUG] 令牌有效，返回声明
[GIN] 2025/09/11 - 09:11:37 | 500 |     916.679µs |       127.0.0.1 | POST     "/api/v1/upload/initiate"
2025/09/11 09:11:37 [DEBUG] 开始验证JWT令牌
2025/09/11 09:11:37 [DEBUG] 令牌字符串长度: 388
2025/09/11 09:11:37 [DEBUG] 令牌字符串前50个字符: eyJhbGciOiJIUzI1NiIsInR5cCI6IkpXVCJ9.eyJ1c2VyX2lkI...
2025/09/11 09:11:37 [DEBUG] JWT密钥长度: 27
2025/09/11 09:11:37 [DEBUG] JWT密钥内容: your-development-secret-key
2025/09/11 09:11:37 [DEBUG] 令牌头部: {"alg":"HS256","typ":"JWT"}
2025/09/11 09:11:37 [DEBUG] 令牌签名方法: HS256
2025/09/11 09:11:37 [DEBUG] 返回密钥进行验证，长度: 27
2025/09/11 09:11:37 [DEBUG] 令牌解析完成，有效性: true
2025/09/11 09:11:37 [DEBUG] 声明类型正确，用户ID: 4, 用户名: test_097128
2025/09/11 09:11:37 [DEBUG] 令牌有效，返回声明

2025/09/11 09:11:37 [32m/mnt/d/暑期项目/HorizonCloudService-main/services/file-service/internal/repository/file_repository.go:164
[0m[33m[0.689ms] [34;1m[rows:1][0m SELECT count(*) FROM `file_files` WHERE user_id = 4 AND folder_id IS NULL AND status = 1 AND `file_files`.`deleted_at` IS NULL

2025/09/11 09:11:37 [32m/mnt/d/暑期项目/HorizonCloudService-main/services/file-service/internal/repository/file_repository.go:177
[0m[33m[0.566ms] [34;1m[rows:0][0m SELECT * FROM `file_files` WHERE user_id = 4 AND folder_id IS NULL AND status = 1 AND `file_files`.`deleted_at` IS NULL ORDER BY created_at DESC LIMIT 20
[GIN] 2025/09/11 - 09:11:37 | 200 |    2.209719ms |       127.0.0.1 | GET      "/api/v1/files"
[GIN] 2025/09/11 - 09:13:59 | 200 |    2.763241ms |       127.0.0.1 | GET      "/api/v1/health"
[GIN] 2025/09/11 - 09:13:59 | 200 |    4.612263ms |       127.0.0.1 | GET      "/api/v1/health/ready"
[GIN] 2025/09/11 - 09:13:59 | 200 |      14.693µs |       127.0.0.1 | GET      "/api/v1/health/metrics"
[GIN] 2025/09/11 - 09:13:59 | 200 |       9.254µs |       127.0.0.1 | GET      "/api/v1/health/stats"
2025/09/11 09:14:00 [DEBUG] 开始验证JWT令牌
2025/09/11 09:14:00 [DEBUG] 令牌字符串长度: 388
2025/09/11 09:14:00 [DEBUG] 令牌字符串前50个字符: eyJhbGciOiJIUzI1NiIsInR5cCI6IkpXVCJ9.eyJ1c2VyX2lkI...
2025/09/11 09:14:00 [DEBUG] JWT密钥长度: 27
2025/09/11 09:14:00 [DEBUG] JWT密钥内容: your-development-secret-key
2025/09/11 09:14:00 [DEBUG] 令牌头部: {"alg":"HS256","typ":"JWT"}
2025/09/11 09:14:00 [DEBUG] 令牌签名方法: HS256
2025/09/11 09:14:00 [DEBUG] 返回密钥进行验证，长度: 27
2025/09/11 09:14:00 [DEBUG] 令牌解析完成，有效性: true
2025/09/11 09:14:00 [DEBUG] 声明类型正确，用户ID: 5, 用户名: test_239859
2025/09/11 09:14:00 [DEBUG] 令牌有效，返回声明
[GIN] 2025/09/11 - 09:14:00 | 200 |    2.998702ms |       127.0.0.1 | GET      "/api/v1/auth/me"
2025/09/11 09:14:00 [DEBUG] 开始验证JWT令牌
2025/09/11 09:14:00 [DEBUG] 令牌字符串长度: 388
2025/09/11 09:14:00 [DEBUG] 令牌字符串前50个字符: eyJhbGciOiJIUzI1NiIsInR5cCI6IkpXVCJ9.eyJ1c2VyX2lkI...
2025/09/11 09:14:00 [DEBUG] JWT密钥长度: 27
2025/09/11 09:14:00 [DEBUG] JWT密钥内容: your-development-secret-key
2025/09/11 09:14:00 [DEBUG] 令牌头部: {"alg":"HS256","typ":"JWT"}
2025/09/11 09:14:00 [DEBUG] 令牌签名方法: HS256
2025/09/11 09:14:00 [DEBUG] 返回密钥进行验证，长度: 27
2025/09/11 09:14:00 [DEBUG] 令牌解析完成，有效性: true
2025/09/11 09:14:00 [DEBUG] 声明类型正确，用户ID: 5, 用户名: test_239859
2025/09/11 09:14:00 [DEBUG] 令牌有效，返回声明

2025/09/11 09:14:00 [32m/mnt/d/暑期项目/HorizonCloudService-main/services/file-service/internal/repository/file_repository.go:164
[0m[33m[1.448ms] [34;1m[rows:1][0m SELECT count(*) FROM `file_files` WHERE user_id = 5 AND folder_id IS NULL AND status = 1 AND `file_files`.`deleted_at` IS NULL

2025/09/11 09:14:00 [32m/mnt/d/暑期项目/HorizonCloudService-main/services/file-service/internal/repository/file_repository.go:177
[0m[33m[1.214ms] [34;1m[rows:0][0m SELECT * FROM `file_files` WHERE user_id = 5 AND folder_id IS NULL AND status = 1 AND `file_files`.`deleted_at` IS NULL ORDER BY created_at DESC LIMIT 20
[GIN] 2025/09/11 - 09:14:00 | 200 |    5.117293ms |       127.0.0.1 | GET      "/api/v1/files"
2025/09/11 09:14:00 [DEBUG] 开始验证JWT令牌
2025/09/11 09:14:00 [DEBUG] 令牌字符串长度: 388
2025/09/11 09:14:00 [DEBUG] 令牌字符串前50个字符: eyJhbGciOiJIUzI1NiIsInR5cCI6IkpXVCJ9.eyJ1c2VyX2lkI...
2025/09/11 09:14:00 [DEBUG] JWT密钥长度: 27
2025/09/11 09:14:00 [DEBUG] JWT密钥内容: your-development-secret-key
2025/09/11 09:14:00 [DEBUG] 令牌头部: {"alg":"HS256","typ":"JWT"}
2025/09/11 09:14:00 [DEBUG] 令牌签名方法: HS256
2025/09/11 09:14:00 [DEBUG] 返回密钥进行验证，长度: 27
2025/09/11 09:14:00 [DEBUG] 令牌解析完成，有效性: true
2025/09/11 09:14:00 [DEBUG] 声明类型正确，用户ID: 5, 用户名: test_239859
2025/09/11 09:14:00 [DEBUG] 令牌有效，返回声明

2025/09/11 09:14:00 [32m/mnt/d/暑期项目/HorizonCloudService-main/services/file-service/internal/repository/folder_repository.go:175
[0m[33m[1.270ms] [34;1m[rows:0][0m SELECT * FROM `file_folders` WHERE (user_id = 5 AND parent_id IS NULL) AND `file_folders`.`deleted_at` IS NULL ORDER BY sort_order ASC, name ASC
[GIN] 2025/09/11 - 09:14:00 | 200 |    3.073289ms |       127.0.0.1 | GET      "/api/v1/folders"
2025/09/11 09:14:00 [DEBUG] 开始验证JWT令牌
2025/09/11 09:14:00 [DEBUG] 令牌字符串长度: 388
2025/09/11 09:14:00 [DEBUG] 令牌字符串前50个字符: eyJhbGciOiJIUzI1NiIsInR5cCI6IkpXVCJ9.eyJ1c2VyX2lkI...
2025/09/11 09:14:00 [DEBUG] JWT密钥长度: 27
2025/09/11 09:14:00 [DEBUG] JWT密钥内容: your-development-secret-key
2025/09/11 09:14:00 [DEBUG] 令牌头部: {"alg":"HS256","typ":"JWT"}
2025/09/11 09:14:00 [DEBUG] 令牌签名方法: HS256
2025/09/11 09:14:00 [DEBUG] 返回密钥进行验证，长度: 27
2025/09/11 09:14:00 [DEBUG] 令牌解析完成，有效性: true
2025/09/11 09:14:00 [DEBUG] 声明类型正确，用户ID: 5, 用户名: test_239859
2025/09/11 09:14:00 [DEBUG] 令牌有效，返回声明
[GIN] 2025/09/11 - 09:14:00 | 500 |    1.455335ms |       127.0.0.1 | GET      "/api/v1/quota/status"
2025/09/11 09:14:00 [DEBUG] 开始验证JWT令牌
2025/09/11 09:14:00 [DEBUG] 令牌字符串长度: 388
2025/09/11 09:14:00 [DEBUG] 令牌字符串前50个字符: eyJhbGciOiJIUzI1NiIsInR5cCI6IkpXVCJ9.eyJ1c2VyX2lkI...
2025/09/11 09:14:00 [DEBUG] JWT密钥长度: 27
2025/09/11 09:14:00 [DEBUG] JWT密钥内容: your-development-secret-key
2025/09/11 09:14:00 [DEBUG] 令牌头部: {"alg":"HS256","typ":"JWT"}
2025/09/11 09:14:00 [DEBUG] 令牌签名方法: HS256
2025/09/11 09:14:00 [DEBUG] 返回密钥进行验证，长度: 27
2025/09/11 09:14:00 [DEBUG] 令牌解析完成，有效性: true
2025/09/11 09:14:00 [DEBUG] 声明类型正确，用户ID: 5, 用户名: test_239859
2025/09/11 09:14:00 [DEBUG] 令牌有效，返回声明

2025/09/11 09:14:00 [31;1m/mnt/d/暑期项目/HorizonCloudService-main/services/file-service/internal/repository/file_repository.go:200 [35;1munrecognized token: "@"
[0m[33m[0.042ms] [34;1m[rows:0][0m SELECT count(*) FROM `file_files` WHERE user_id = 5 AND (to_tsvector('simple', name) @@ plainto_tsquery('simple', "test") OR to_tsvector('simple', original_name) @@ plainto_tsquery('simple', "test") OR name ILIKE "%test%" OR original_name ILIKE "%test%") AND size >= 0 AND size <= 0 AND status = 1 AND created_at >= "" AND created_at <= "" AND `file_files`.`deleted_at` IS NULL
[GIN] 2025/09/11 - 09:14:00 | 500 |    3.242062ms |       127.0.0.1 | GET      "/api/v1/files/search?q=test&limit=10&offset=0"
2025/09/11 09:14:00 [DEBUG] 开始验证JWT令牌
2025/09/11 09:14:00 [DEBUG] 令牌字符串长度: 388
2025/09/11 09:14:00 [DEBUG] 令牌字符串前50个字符: eyJhbGciOiJIUzI1NiIsInR5cCI6IkpXVCJ9.eyJ1c2VyX2lkI...
2025/09/11 09:14:00 [DEBUG] JWT密钥长度: 27
2025/09/11 09:14:00 [DEBUG] JWT密钥内容: your-development-secret-key
2025/09/11 09:14:00 [DEBUG] 令牌头部: {"alg":"HS256","typ":"JWT"}
2025/09/11 09:14:00 [DEBUG] 令牌签名方法: HS256
2025/09/11 09:14:00 [DEBUG] 返回密钥进行验证，长度: 27
2025/09/11 09:14:00 [DEBUG] 令牌解析完成，有效性: true
2025/09/11 09:14:00 [DEBUG] 声明类型正确，用户ID: 5, 用户名: test_239859
2025/09/11 09:14:00 [DEBUG] 令牌有效，返回声明

2025/09/11 09:14:00 [32m/mnt/d/暑期项目/HorizonCloudService-main/services/file-service/internal/repository/file_repository.go:424
[0m[33m[1.068ms] [34;1m[rows:1][0m SELECT count(*) FROM `file_files` WHERE user_id = 5 AND `file_files`.`deleted_at` IS NULL

2025/09/11 09:14:00 [32m/mnt/d/暑期项目/HorizonCloudService-main/services/file-service/internal/repository/file_repository.go:437
[0m[33m[1.056ms] [34;1m[rows:1][0m SELECT COALESCE(SUM(size), 0) as total_size FROM `file_files` WHERE user_id = 5 AND `file_files`.`deleted_at` IS NULL

2025/09/11 09:14:00 [32m/mnt/d/暑期项目/HorizonCloudService-main/services/file-service/internal/repository/folder_repository.go:165
[0m[33m[0.885ms] [34;1m[rows:0][0m SELECT * FROM `file_folders` WHERE user_id = 5 AND `file_folders`.`deleted_at` IS NULL ORDER BY level ASC, name ASC
[GIN] 2025/09/11 - 09:14:00 | 200 |    4.907582ms |       127.0.0.1 | GET      "/api/v1/files/stats"
2025/09/11 09:14:00 [DEBUG] 开始验证JWT令牌
2025/09/11 09:14:00 [DEBUG] 令牌字符串长度: 388
2025/09/11 09:14:00 [DEBUG] 令牌字符串前50个字符: eyJhbGciOiJIUzI1NiIsInR5cCI6IkpXVCJ9.eyJ1c2VyX2lkI...
2025/09/11 09:14:00 [DEBUG] JWT密钥长度: 27
2025/09/11 09:14:00 [DEBUG] JWT密钥内容: your-development-secret-key
2025/09/11 09:14:00 [DEBUG] 令牌头部: {"alg":"HS256","typ":"JWT"}
2025/09/11 09:14:00 [DEBUG] 令牌签名方法: HS256
2025/09/11 09:14:00 [DEBUG] 返回密钥进行验证，长度: 27
2025/09/11 09:14:00 [DEBUG] 令牌解析完成，有效性: true
2025/09/11 09:14:00 [DEBUG] 声明类型正确，用户ID: 5, 用户名: test_239859
2025/09/11 09:14:00 [DEBUG] 令牌有效，返回声明

2025/09/11 09:14:00 [32m/mnt/d/暑期项目/HorizonCloudService-main/services/file-service/internal/repository/file_repository.go:437
[0m[33m[0.898ms] [34;1m[rows:1][0m SELECT COALESCE(SUM(size), 0) as total_size FROM `file_files` WHERE user_id = 5 AND `file_files`.`deleted_at` IS NULL

2025/09/11 09:14:00 [32m/mnt/d/暑期项目/HorizonCloudService-main/services/file-service/internal/repository/file_repository.go:424
[0m[33m[0.912ms] [34;1m[rows:1][0m SELECT count(*) FROM `file_files` WHERE user_id = 5 AND `file_files`.`deleted_at` IS NULL

2025/09/11 09:14:00 [32m/mnt/d/暑期项目/HorizonCloudService-main/services/file-service/internal/repository/file_repository.go:453
[0m[33m[0.791ms] [34;1m[rows:0][0m SELECT category, COUNT(*) as count FROM `file_files` WHERE user_id = 5 AND `file_files`.`deleted_at` IS NULL GROUP BY `category`

2025/09/11 09:14:00 [32m/mnt/d/暑期项目/HorizonCloudService-main/services/file-service/internal/repository/file_repository.go:477
[0m[33m[0.803ms] [34;1m[rows:0][0m SELECT storage_tier, COALESCE(SUM(size), 0) as total_size FROM `file_files` WHERE user_id = 5 AND `file_files`.`deleted_at` IS NULL GROUP BY `storage_tier`
[GIN] 2025/09/11 - 09:14:00 | 200 |    5.248254ms |       127.0.0.1 | GET      "/api/v1/files/storage-stats"
2025/09/11 09:14:00 [DEBUG] 开始验证JWT令牌
2025/09/11 09:14:00 [DEBUG] 令牌字符串长度: 388
2025/09/11 09:14:00 [DEBUG] 令牌字符串前50个字符: eyJhbGciOiJIUzI1NiIsInR5cCI6IkpXVCJ9.eyJ1c2VyX2lkI...
2025/09/11 09:14:00 [DEBUG] JWT密钥长度: 27
2025/09/11 09:14:00 [DEBUG] JWT密钥内容: your-development-secret-key
2025/09/11 09:14:00 [DEBUG] 令牌头部: {"alg":"HS256","typ":"JWT"}
2025/09/11 09:14:00 [DEBUG] 令牌签名方法: HS256
2025/09/11 09:14:00 [DEBUG] 返回密钥进行验证，长度: 27
2025/09/11 09:14:00 [DEBUG] 令牌解析完成，有效性: true
2025/09/11 09:14:00 [DEBUG] 声明类型正确，用户ID: 5, 用户名: test_239859
2025/09/11 09:14:00 [DEBUG] 令牌有效，返回声明

2025/09/11 09:14:00 [32m/mnt/d/暑期项目/HorizonCloudService-main/services/file-service/internal/repository/file_repository.go:164
[0m[33m[0.826ms] [34;1m[rows:1][0m SELECT count(*) FROM `file_files` WHERE user_id = 5 AND folder_id IS NULL AND status = 1 AND `file_files`.`deleted_at` IS NULL

2025/09/11 09:14:00 [32m/mnt/d/暑期项目/HorizonCloudService-main/services/file-service/internal/repository/file_repository.go:177
[0m[33m[0.781ms] [34;1m[rows:0][0m SELECT * FROM `file_files` WHERE user_id = 5 AND folder_id IS NULL AND status = 1 AND `file_files`.`deleted_at` IS NULL ORDER BY created_at DESC LIMIT 10000
[GIN] 2025/09/11 - 09:14:00 | 200 |    3.008075ms |       127.0.0.1 | GET      "/api/v1/files/duplicates"
2025/09/11 09:14:00 [DEBUG] 开始验证JWT令牌
2025/09/11 09:14:00 [DEBUG] 令牌字符串长度: 388
2025/09/11 09:14:00 [DEBUG] 令牌字符串前50个字符: eyJhbGciOiJIUzI1NiIsInR5cCI6IkpXVCJ9.eyJ1c2VyX2lkI...
2025/09/11 09:14:00 [DEBUG] JWT密钥长度: 27
2025/09/11 09:14:00 [DEBUG] JWT密钥内容: your-development-secret-key
2025/09/11 09:14:00 [DEBUG] 令牌头部: {"alg":"HS256","typ":"JWT"}
2025/09/11 09:14:00 [DEBUG] 令牌签名方法: HS256
2025/09/11 09:14:00 [DEBUG] 返回密钥进行验证，长度: 27
2025/09/11 09:14:00 [DEBUG] 令牌解析完成，有效性: true
2025/09/11 09:14:00 [DEBUG] 声明类型正确，用户ID: 5, 用户名: test_239859
2025/09/11 09:14:00 [DEBUG] 令牌有效，返回声明

2025/09/11 09:14:00 [32m/mnt/d/暑期项目/HorizonCloudService-main/services/file-service/internal/repository/file_repository.go:164
[0m[33m[1.099ms] [34;1m[rows:1][0m SELECT count(*) FROM `file_files` WHERE user_id = 5 AND folder_id IS NULL AND status = 1 AND `file_files`.`deleted_at` IS NULL

2025/09/11 09:14:00 [32m/mnt/d/暑期项目/HorizonCloudService-main/services/file-service/internal/repository/file_repository.go:177
[0m[33m[0.776ms] [34;1m[rows:0][0m SELECT * FROM `file_files` WHERE user_id = 5 AND folder_id IS NULL AND status = 1 AND `file_files`.`deleted_at` IS NULL ORDER BY created_at DESC LIMIT 20
[GIN] 2025/09/11 - 09:14:00 | 200 |    3.396629ms |       127.0.0.1 | GET      "/api/v1/files?limit=1"
2025/09/11 09:14:00 [DEBUG] 开始验证JWT令牌
2025/09/11 09:14:00 [DEBUG] 令牌字符串长度: 388
2025/09/11 09:14:00 [DEBUG] 令牌字符串前50个字符: eyJhbGciOiJIUzI1NiIsInR5cCI6IkpXVCJ9.eyJ1c2VyX2lkI...
2025/09/11 09:14:00 [DEBUG] JWT密钥长度: 27
2025/09/11 09:14:00 [DEBUG] JWT密钥内容: your-development-secret-key
2025/09/11 09:14:00 [DEBUG] 令牌头部: {"alg":"HS256","typ":"JWT"}
2025/09/11 09:14:00 [DEBUG] 令牌签名方法: HS256
2025/09/11 09:14:00 [DEBUG] 返回密钥进行验证，长度: 27
2025/09/11 09:14:00 [DEBUG] 令牌解析完成，有效性: true
2025/09/11 09:14:00 [DEBUG] 声明类型正确，用户ID: 5, 用户名: test_239859
2025/09/11 09:14:00 [DEBUG] 令牌有效，返回声明

2025/09/11 09:14:00 [31;1m/mnt/d/暑期项目/HorizonCloudService-main/services/file-service/internal/repository/folder_repository.go:421 [35;1mrecord not found
[0m[33m[1.009ms] [34;1m[rows:0][0m SELECT * FROM `file_folders` WHERE (user_id = 5 AND name = "完整测试文件夹") AND parent_id IS NULL AND `file_folders`.`deleted_at` IS NULL ORDER BY `file_folders`.`id` LIMIT 1

2025/09/11 09:14:00 [32m/mnt/d/暑期项目/HorizonCloudService-main/services/file-service/internal/repository/folder_repository.go:73
[0m[33m[5.493ms] [34;1m[rows:1][0m INSERT INTO `file_folders` (`created_at`,`updated_at`,`deleted_at`,`name`,`path`,`description`,`parent_id`,`level`,`materialized_path`,`user_id`,`status`,`is_system`,`is_shared`,`file_count`,`folder_count`,`total_size`,`color`,`icon`,`sort_order`) VALUES ("2025-09-11 01:14:00.068","2025-09-11 01:14:00.068",NULL,"完整测试文件夹","/完整测试文件夹","JavaScript自动化集成测试创建的文件夹",NULL,0,"",5,1,false,false,0,0,0,"","",0) RETURNING `id`

2025/09/11 09:14:00 [32m/mnt/d/暑期项目/HorizonCloudService-main/services/file-service/internal/repository/folder_repository.go:91
[0m[33m[0.136ms] [34;1m[rows:1][0m UPDATE `file_folders` SET `created_at`="2025-09-11 01:14:00.068",`updated_at`="2025-09-11 01:14:00.074",`deleted_at`=NULL,`name`="完整测试文件夹",`path`="/完整测试文件夹",`description`="JavaScript自动化集成测试创建的文件夹",`parent_id`=NULL,`level`=0,`materialized_path`="/36",`user_id`=5,`status`=1,`is_system`=false,`is_shared`=false,`file_count`=0,`folder_count`=0,`total_size`=0,`color`="",`icon`="",`sort_order`=0 WHERE `file_folders`.`deleted_at` IS NULL AND `id` = 36
[GIN] 2025/09/11 - 09:14:00 | 200 |   16.077307ms |       127.0.0.1 | POST     "/api/v1/folders"
2025/09/11 09:14:00 [DEBUG] 开始验证JWT令牌
2025/09/11 09:14:00 [DEBUG] 令牌字符串长度: 388
2025/09/11 09:14:00 [DEBUG] 令牌字符串前50个字符: eyJhbGciOiJIUzI1NiIsInR5cCI6IkpXVCJ9.eyJ1c2VyX2lkI...
2025/09/11 09:14:00 [DEBUG] JWT密钥长度: 27
2025/09/11 09:14:00 [DEBUG] JWT密钥内容: your-development-secret-key
2025/09/11 09:14:00 [DEBUG] 令牌头部: {"alg":"HS256","typ":"JWT"}
2025/09/11 09:14:00 [DEBUG] 令牌签名方法: HS256
2025/09/11 09:14:00 [DEBUG] 返回密钥进行验证，长度: 27
2025/09/11 09:14:00 [DEBUG] 令牌解析完成，有效性: true
2025/09/11 09:14:00 [DEBUG] 声明类型正确，用户ID: 5, 用户名: test_239859
2025/09/11 09:14:00 [DEBUG] 令牌有效，返回声明

2025/09/11 09:14:00 [32m/mnt/d/暑期项目/HorizonCloudService-main/services/file-service/internal/repository/folder_repository.go:193
[0m[33m[0.685ms] [34;1m[rows:1][0m SELECT * FROM `file_folders` WHERE user_id = 5 AND `file_folders`.`deleted_at` IS NULL ORDER BY level ASC, name ASC
[GIN] 2025/09/11 - 09:14:00 | 200 |    1.669892ms |       127.0.0.1 | GET      "/api/v1/folders/tree"
2025/09/11 09:14:00 [DEBUG] 开始验证JWT令牌
2025/09/11 09:14:00 [DEBUG] 令牌字符串长度: 388
2025/09/11 09:14:00 [DEBUG] 令牌字符串前50个字符: eyJhbGciOiJIUzI1NiIsInR5cCI6IkpXVCJ9.eyJ1c2VyX2lkI...
2025/09/11 09:14:00 [DEBUG] JWT密钥长度: 27
2025/09/11 09:14:00 [DEBUG] JWT密钥内容: your-development-secret-key
2025/09/11 09:14:00 [DEBUG] 令牌头部: {"alg":"HS256","typ":"JWT"}
2025/09/11 09:14:00 [DEBUG] 令牌签名方法: HS256
2025/09/11 09:14:00 [DEBUG] 返回密钥进行验证，长度: 27
2025/09/11 09:14:00 [DEBUG] 令牌解析完成，有效性: true
2025/09/11 09:14:00 [DEBUG] 声明类型正确，用户ID: 5, 用户名: test_239859
2025/09/11 09:14:00 [DEBUG] 令牌有效，返回声明

2025/09/11 09:14:00 [31;1m/mnt/d/暑期项目/HorizonCloudService-main/services/file-service/internal/repository/folder_repository.go:396 [35;1munrecognized token: "@"
[0m[33m[0.024ms] [34;1m[rows:0][0m SELECT count(*) FROM `file_folders` WHERE user_id = 5 AND (to_tsvector('simple', name) @@ plainto_tsquery('simple', "完整测试") OR name ILIKE "%完整测试%") AND `file_folders`.`deleted_at` IS NULL
[GIN] 2025/09/11 - 09:14:00 | 500 |     973.025µs |       127.0.0.1 | GET      "/api/v1/folders/search?q=%E5%AE%8C%E6%95%B4%E6%B5%8B%E8%AF%95&limit=10&offset=0"
2025/09/11 09:14:00 [DEBUG] 开始验证JWT令牌
2025/09/11 09:14:00 [DEBUG] 令牌字符串长度: 388
2025/09/11 09:14:00 [DEBUG] 令牌字符串前50个字符: eyJhbGciOiJIUzI1NiIsInR5cCI6IkpXVCJ9.eyJ1c2VyX2lkI...
2025/09/11 09:14:00 [DEBUG] JWT密钥长度: 27
2025/09/11 09:14:00 [DEBUG] JWT密钥内容: your-development-secret-key
2025/09/11 09:14:00 [DEBUG] 令牌头部: {"alg":"HS256","typ":"JWT"}
2025/09/11 09:14:00 [DEBUG] 令牌签名方法: HS256
2025/09/11 09:14:00 [DEBUG] 返回密钥进行验证，长度: 27
2025/09/11 09:14:00 [DEBUG] 令牌解析完成，有效性: true
2025/09/11 09:14:00 [DEBUG] 声明类型正确，用户ID: 5, 用户名: test_239859
2025/09/11 09:14:00 [DEBUG] 令牌有效，返回声明

2025/09/11 09:14:00 [31;1m/mnt/d/暑期项目/HorizonCloudService-main/services/file-service/internal/repository/folder_repository.go:112 [35;1mrecord not found
[0m[33m[0.542ms] [34;1m[rows:0][0m SELECT * FROM `file_folders` WHERE (user_id = 5 AND path = "/") AND `file_folders`.`deleted_at` IS NULL ORDER BY `file_folders`.`id` LIMIT 1
[GIN] 2025/09/11 - 09:14:00 | 404 |    1.418781ms |       127.0.0.1 | GET      "/api/v1/folders/by-path?path=%2F"
2025/09/11 09:14:00 [DEBUG] 开始验证JWT令牌
2025/09/11 09:14:00 [DEBUG] 令牌字符串长度: 388
2025/09/11 09:14:00 [DEBUG] 令牌字符串前50个字符: eyJhbGciOiJIUzI1NiIsInR5cCI6IkpXVCJ9.eyJ1c2VyX2lkI...
2025/09/11 09:14:00 [DEBUG] JWT密钥长度: 27
2025/09/11 09:14:00 [DEBUG] JWT密钥内容: your-development-secret-key
2025/09/11 09:14:00 [DEBUG] 令牌头部: {"alg":"HS256","typ":"JWT"}
2025/09/11 09:14:00 [DEBUG] 令牌签名方法: HS256
2025/09/11 09:14:00 [DEBUG] 返回密钥进行验证，长度: 27
2025/09/11 09:14:00 [DEBUG] 令牌解析完成，有效性: true
2025/09/11 09:14:00 [DEBUG] 声明类型正确，用户ID: 5, 用户名: test_239859
2025/09/11 09:14:00 [DEBUG] 令牌有效，返回声明

2025/09/11 09:14:00 [32m/mnt/d/暑期项目/HorizonCloudService-main/services/file-service/internal/repository/folder_repository.go:73
[0m[33m[5.237ms] [34;1m[rows:1][0m INSERT INTO `file_folders` (`created_at`,`updated_at`,`deleted_at`,`name`,`path`,`description`,`parent_id`,`level`,`materialized_path`,`user_id`,`status`,`is_system`,`is_shared`,`file_count`,`folder_count`,`total_size`,`color`,`icon`,`sort_order`) VALUES ("2025-09-11 01:14:00.09","2025-09-11 01:14:00.09",NULL,"Images","/Images","",NULL,0,"",5,1,true,false,0,0,0,"#4CAF50","image",0) RETURNING `id`

2025/09/11 09:14:00 [32m/mnt/d/暑期项目/HorizonCloudService-main/services/file-service/internal/repository/folder_repository.go:91
[0m[33m[0.106ms] [34;1m[rows:1][0m UPDATE `file_folders` SET `created_at`="2025-09-11 01:14:00.09",`updated_at`="2025-09-11 01:14:00.096",`deleted_at`=NULL,`name`="Images",`path`="/Images",`description`="",`parent_id`=NULL,`level`=0,`materialized_path`="/37",`user_id`=5,`status`=1,`is_system`=true,`is_shared`=false,`file_count`=0,`folder_count`=0,`total_size`=0,`color`="#4CAF50",`icon`="image",`sort_order`=0 WHERE `file_folders`.`deleted_at` IS NULL AND `id` = 37

2025/09/11 09:14:00 [32m/mnt/d/暑期项目/HorizonCloudService-main/services/file-service/internal/repository/folder_repository.go:73
[0m[33m[4.373ms] [34;1m[rows:1][0m INSERT INTO `file_folders` (`created_at`,`updated_at`,`deleted_at`,`name`,`path`,`description`,`parent_id`,`level`,`materialized_path`,`user_id`,`status`,`is_system`,`is_shared`,`file_count`,`folder_count`,`total_size`,`color`,`icon`,`sort_order`) VALUES ("2025-09-11 01:14:00.106","2025-09-11 01:14:00.106",NULL,"Videos","/Videos","",NULL,0,"",5,1,true,false,0,0,0,"#FF5722","video",0) RETURNING `id`

2025/09/11 09:14:00 [32m/mnt/d/暑期项目/HorizonCloudService-main/services/file-service/internal/repository/folder_repository.go:91
[0m[33m[0.097ms] [34;1m[rows:1][0m UPDATE `file_folders` SET `created_at`="2025-09-11 01:14:00.106",`updated_at`="2025-09-11 01:14:00.11",`deleted_at`=NULL,`name`="Videos",`path`="/Videos",`description`="",`parent_id`=NULL,`level`=0,`materialized_path`="/38",`user_id`=5,`status`=1,`is_system`=true,`is_shared`=false,`file_count`=0,`folder_count`=0,`total_size`=0,`color`="#FF5722",`icon`="video",`sort_order`=0 WHERE `file_folders`.`deleted_at` IS NULL AND `id` = 38

2025/09/11 09:14:00 [32m/mnt/d/暑期项目/HorizonCloudService-main/services/file-service/internal/repository/folder_repository.go:73
[0m[33m[4.473ms] [34;1m[rows:1][0m INSERT INTO `file_folders` (`created_at`,`updated_at`,`deleted_at`,`name`,`path`,`description`,`parent_id`,`level`,`materialized_path`,`user_id`,`status`,`is_system`,`is_shared`,`file_count`,`folder_count`,`total_size`,`color`,`icon`,`sort_order`) VALUES ("2025-09-11 01:14:00.118","2025-09-11 01:14:00.118",NULL,"Audios","/Audios","",NULL,0,"",5,1,true,false,0,0,0,"#9C27B0","audio",0) RETURNING `id`

2025/09/11 09:14:00 [32m/mnt/d/暑期项目/HorizonCloudService-main/services/file-service/internal/repository/folder_repository.go:91
[0m[33m[0.094ms] [34;1m[rows:1][0m UPDATE `file_folders` SET `created_at`="2025-09-11 01:14:00.118",`updated_at`="2025-09-11 01:14:00.123",`deleted_at`=NULL,`name`="Audios",`path`="/Audios",`description`="",`parent_id`=NULL,`level`=0,`materialized_path`="/39",`user_id`=5,`status`=1,`is_system`=true,`is_shared`=false,`file_count`=0,`folder_count`=0,`total_size`=0,`color`="#9C27B0",`icon`="audio",`sort_order`=0 WHERE `file_folders`.`deleted_at` IS NULL AND `id` = 39

2025/09/11 09:14:00 [32m/mnt/d/暑期项目/HorizonCloudService-main/services/file-service/internal/repository/folder_repository.go:73
[0m[33m[4.571ms] [34;1m[rows:1][0m INSERT INTO `file_folders` (`created_at`,`updated_at`,`deleted_at`,`name`,`path`,`description`,`parent_id`,`level`,`materialized_path`,`user_id`,`status`,`is_system`,`is_shared`,`file_count`,`folder_count`,`total_size`,`color`,`icon`,`sort_order`) VALUES ("2025-09-11 01:14:00.131","2025-09-11 01:14:00.131",NULL,"Documents","/Documents","",NULL,0,"",5,1,true,false,0,0,0,"#2196F3","document",0) RETURNING `id`

2025/09/11 09:14:00 [32m/mnt/d/暑期项目/HorizonCloudService-main/services/file-service/internal/repository/folder_repository.go:91
[0m[33m[0.126ms] [34;1m[rows:1][0m UPDATE `file_folders` SET `created_at`="2025-09-11 01:14:00.131",`updated_at`="2025-09-11 01:14:00.135",`deleted_at`=NULL,`name`="Documents",`path`="/Documents",`description`="",`parent_id`=NULL,`level`=0,`materialized_path`="/40",`user_id`=5,`status`=1,`is_system`=true,`is_shared`=false,`file_count`=0,`folder_count`=0,`total_size`=0,`color`="#2196F3",`icon`="document",`sort_order`=0 WHERE `file_folders`.`deleted_at` IS NULL AND `id` = 40

2025/09/11 09:14:00 [32m/mnt/d/暑期项目/HorizonCloudService-main/services/file-service/internal/repository/folder_repository.go:73
[0m[33m[4.214ms] [34;1m[rows:1][0m INSERT INTO `file_folders` (`created_at`,`updated_at`,`deleted_at`,`name`,`path`,`description`,`parent_id`,`level`,`materialized_path`,`user_id`,`status`,`is_system`,`is_shared`,`file_count`,`folder_count`,`total_size`,`color`,`icon`,`sort_order`) VALUES ("2025-09-11 01:14:00.143","2025-09-11 01:14:00.143",NULL,"Archives","/Archives","",NULL,0,"",5,1,true,false,0,0,0,"#FF9800","archive",0) RETURNING `id`

2025/09/11 09:14:00 [32m/mnt/d/暑期项目/HorizonCloudService-main/services/file-service/internal/repository/folder_repository.go:91
[0m[33m[0.103ms] [34;1m[rows:1][0m UPDATE `file_folders` SET `created_at`="2025-09-11 01:14:00.143",`updated_at`="2025-09-11 01:14:00.148",`deleted_at`=NULL,`name`="Archives",`path`="/Archives",`description`="",`parent_id`=NULL,`level`=0,`materialized_path`="/41",`user_id`=5,`status`=1,`is_system`=true,`is_shared`=false,`file_count`=0,`folder_count`=0,`total_size`=0,`color`="#FF9800",`icon`="archive",`sort_order`=0 WHERE `file_folders`.`deleted_at` IS NULL AND `id` = 41
[GIN] 2025/09/11 - 09:14:00 | 200 |   66.111204ms |       127.0.0.1 | POST     "/api/v1/folders/system/create"
2025/09/11 09:14:00 [DEBUG] 开始验证JWT令牌
2025/09/11 09:14:00 [DEBUG] 令牌字符串长度: 388
2025/09/11 09:14:00 [DEBUG] 令牌字符串前50个字符: eyJhbGciOiJIUzI1NiIsInR5cCI6IkpXVCJ9.eyJ1c2VyX2lkI...
2025/09/11 09:14:00 [DEBUG] JWT密钥长度: 27
2025/09/11 09:14:00 [DEBUG] JWT密钥内容: your-development-secret-key
2025/09/11 09:14:00 [DEBUG] 令牌头部: {"alg":"HS256","typ":"JWT"}
2025/09/11 09:14:00 [DEBUG] 令牌签名方法: HS256
2025/09/11 09:14:00 [DEBUG] 返回密钥进行验证，长度: 27
2025/09/11 09:14:00 [DEBUG] 令牌解析完成，有效性: true
2025/09/11 09:14:00 [DEBUG] 声明类型正确，用户ID: 5, 用户名: test_239859
2025/09/11 09:14:00 [DEBUG] 令牌有效，返回声明

2025/09/11 09:14:00 [32m/mnt/d/暑期项目/HorizonCloudService-main/services/file-service/internal/repository/upload_repository.go:74
[0m[33m[0.803ms] [34;1m[rows:1][0m SELECT count(*) FROM `file_upload_sessions` WHERE user_id = 5 AND `file_upload_sessions`.`deleted_at` IS NULL

2025/09/11 09:14:00 [32m/mnt/d/暑期项目/HorizonCloudService-main/services/file-service/internal/repository/upload_repository.go:82
[0m[33m[0.601ms] [34;1m[rows:0][0m SELECT * FROM `file_upload_sessions` WHERE user_id = 5 AND `file_upload_sessions`.`deleted_at` IS NULL ORDER BY created_at DESC LIMIT 20
[GIN] 2025/09/11 - 09:14:00 | 200 |    2.465755ms |       127.0.0.1 | GET      "/api/v1/upload/sessions"
2025/09/11 09:14:00 [DEBUG] 开始验证JWT令牌
2025/09/11 09:14:00 [DEBUG] 令牌字符串长度: 388
2025/09/11 09:14:00 [DEBUG] 令牌字符串前50个字符: eyJhbGciOiJIUzI1NiIsInR5cCI6IkpXVCJ9.eyJ1c2VyX2lkI...
2025/09/11 09:14:00 [DEBUG] JWT密钥长度: 27
2025/09/11 09:14:00 [DEBUG] JWT密钥内容: your-development-secret-key
2025/09/11 09:14:00 [DEBUG] 令牌头部: {"alg":"HS256","typ":"JWT"}
2025/09/11 09:14:00 [DEBUG] 令牌签名方法: HS256
2025/09/11 09:14:00 [DEBUG] 返回密钥进行验证，长度: 27
2025/09/11 09:14:00 [DEBUG] 令牌解析完成，有效性: true
2025/09/11 09:14:00 [DEBUG] 声明类型正确，用户ID: 5, 用户名: test_239859
2025/09/11 09:14:00 [DEBUG] 令牌有效，返回声明
[GIN] 2025/09/11 - 09:14:00 | 500 |    1.002087ms |       127.0.0.1 | POST     "/api/v1/upload/simple"
2025/09/11 09:14:00 [DEBUG] 开始验证JWT令牌
2025/09/11 09:14:00 [DEBUG] 令牌字符串长度: 388
2025/09/11 09:14:00 [DEBUG] 令牌字符串前50个字符: eyJhbGciOiJIUzI1NiIsInR5cCI6IkpXVCJ9.eyJ1c2VyX2lkI...
2025/09/11 09:14:00 [DEBUG] JWT密钥长度: 27
2025/09/11 09:14:00 [DEBUG] JWT密钥内容: your-development-secret-key
2025/09/11 09:14:00 [DEBUG] 令牌头部: {"alg":"HS256","typ":"JWT"}
2025/09/11 09:14:00 [DEBUG] 令牌签名方法: HS256
2025/09/11 09:14:00 [DEBUG] 返回密钥进行验证，长度: 27
2025/09/11 09:14:00 [DEBUG] 令牌解析完成，有效性: true
2025/09/11 09:14:00 [DEBUG] 声明类型正确，用户ID: 5, 用户名: test_239859
2025/09/11 09:14:00 [DEBUG] 令牌有效，返回声明
[GIN] 2025/09/11 - 09:14:00 | 500 |      910.07µs |       127.0.0.1 | POST     "/api/v1/upload/initiate"
2025/09/11 09:14:00 [DEBUG] 开始验证JWT令牌
2025/09/11 09:14:00 [DEBUG] 令牌字符串长度: 388
2025/09/11 09:14:00 [DEBUG] 令牌字符串前50个字符: eyJhbGciOiJIUzI1NiIsInR5cCI6IkpXVCJ9.eyJ1c2VyX2lkI...
2025/09/11 09:14:00 [DEBUG] JWT密钥长度: 27
2025/09/11 09:14:00 [DEBUG] JWT密钥内容: your-development-secret-key
2025/09/11 09:14:00 [DEBUG] 令牌头部: {"alg":"HS256","typ":"JWT"}
2025/09/11 09:14:00 [DEBUG] 令牌签名方法: HS256
2025/09/11 09:14:00 [DEBUG] 返回密钥进行验证，长度: 27
2025/09/11 09:14:00 [DEBUG] 令牌解析完成，有效性: true
2025/09/11 09:14:00 [DEBUG] 声明类型正确，用户ID: 5, 用户名: test_239859
2025/09/11 09:14:00 [DEBUG] 令牌有效，返回声明

2025/09/11 09:14:00 [32m/mnt/d/暑期项目/HorizonCloudService-main/services/file-service/internal/repository/upload_repository.go:74
[0m[33m[0.722ms] [34;1m[rows:1][0m SELECT count(*) FROM `file_upload_sessions` WHERE user_id = 5 AND `file_upload_sessions`.`deleted_at` IS NULL

2025/09/11 09:14:00 [32m/mnt/d/暑期项目/HorizonCloudService-main/services/file-service/internal/repository/upload_repository.go:82
[0m[33m[0.634ms] [34;1m[rows:0][0m SELECT * FROM `file_upload_sessions` WHERE user_id = 5 AND `file_upload_sessions`.`deleted_at` IS NULL ORDER BY created_at DESC LIMIT 1000
[GIN] 2025/09/11 - 09:14:00 | 200 |    2.464413ms |       127.0.0.1 | GET      "/api/v1/upload/statistics"
2025/09/11 09:14:00 [DEBUG] 开始验证JWT令牌
2025/09/11 09:14:00 [DEBUG] 令牌字符串长度: 388
2025/09/11 09:14:00 [DEBUG] 令牌字符串前50个字符: eyJhbGciOiJIUzI1NiIsInR5cCI6IkpXVCJ9.eyJ1c2VyX2lkI...
2025/09/11 09:14:00 [DEBUG] JWT密钥长度: 27
2025/09/11 09:14:00 [DEBUG] JWT密钥内容: your-development-secret-key
2025/09/11 09:14:00 [DEBUG] 令牌头部: {"alg":"HS256","typ":"JWT"}
2025/09/11 09:14:00 [DEBUG] 令牌签名方法: HS256
2025/09/11 09:14:00 [DEBUG] 返回密钥进行验证，长度: 27
2025/09/11 09:14:00 [DEBUG] 令牌解析完成，有效性: true
2025/09/11 09:14:00 [DEBUG] 声明类型正确，用户ID: 5, 用户名: test_239859
2025/09/11 09:14:00 [DEBUG] 令牌有效，返回声明
[GIN] 2025/09/11 - 09:14:00 | 500 |     907.434µs |       127.0.0.1 | POST     "/api/v1/upload/initiate"
2025/09/11 09:14:00 [DEBUG] 开始验证JWT令牌
2025/09/11 09:14:00 [DEBUG] 令牌字符串长度: 388
2025/09/11 09:14:00 [DEBUG] 令牌字符串前50个字符: eyJhbGciOiJIUzI1NiIsInR5cCI6IkpXVCJ9.eyJ1c2VyX2lkI...
2025/09/11 09:14:00 [DEBUG] JWT密钥长度: 27
2025/09/11 09:14:00 [DEBUG] JWT密钥内容: your-development-secret-key
2025/09/11 09:14:00 [DEBUG] 令牌头部: {"alg":"HS256","typ":"JWT"}
2025/09/11 09:14:00 [DEBUG] 令牌签名方法: HS256
2025/09/11 09:14:00 [DEBUG] 返回密钥进行验证，长度: 27
2025/09/11 09:14:00 [DEBUG] 令牌解析完成，有效性: true
2025/09/11 09:14:00 [DEBUG] 声明类型正确，用户ID: 5, 用户名: test_239859
2025/09/11 09:14:00 [DEBUG] 令牌有效，返回声明

2025/09/11 09:14:00 [32m/mnt/d/暑期项目/HorizonCloudService-main/services/file-service/internal/repository/file_repository.go:164
[0m[33m[0.752ms] [34;1m[rows:1][0m SELECT count(*) FROM `file_files` WHERE user_id = 5 AND folder_id IS NULL AND status = 1 AND `file_files`.`deleted_at` IS NULL

2025/09/11 09:14:00 [32m/mnt/d/暑期项目/HorizonCloudService-main/services/file-service/internal/repository/file_repository.go:177
[0m[33m[0.611ms] [34;1m[rows:0][0m SELECT * FROM `file_files` WHERE user_id = 5 AND folder_id IS NULL AND status = 1 AND `file_files`.`deleted_at` IS NULL ORDER BY created_at DESC LIMIT 20
[GIN] 2025/09/11 - 09:14:00 | 200 |    2.461796ms |       127.0.0.1 | GET      "/api/v1/files"
[GIN] 2025/09/11 - 09:24:29 | 200 |    2.595951ms |       127.0.0.1 | GET      "/api/v1/health"
[GIN] 2025/09/11 - 09:24:29 | 200 |    2.312259ms |       127.0.0.1 | GET      "/api/v1/health/ready"
[GIN] 2025/09/11 - 09:24:29 | 200 |      18.011µs |       127.0.0.1 | GET      "/api/v1/health/metrics"
[GIN] 2025/09/11 - 09:24:29 | 200 |      10.878µs |       127.0.0.1 | GET      "/api/v1/health/stats"
2025/09/11 09:24:29 [DEBUG] 开始验证JWT令牌
2025/09/11 09:24:29 [DEBUG] 令牌字符串长度: 388
2025/09/11 09:24:29 [DEBUG] 令牌字符串前50个字符: eyJhbGciOiJIUzI1NiIsInR5cCI6IkpXVCJ9.eyJ1c2VyX2lkI...
2025/09/11 09:24:29 [DEBUG] JWT密钥长度: 27
2025/09/11 09:24:29 [DEBUG] JWT密钥内容: your-development-secret-key
2025/09/11 09:24:29 [DEBUG] 令牌头部: {"alg":"HS256","typ":"JWT"}
2025/09/11 09:24:29 [DEBUG] 令牌签名方法: HS256
2025/09/11 09:24:29 [DEBUG] 返回密钥进行验证，长度: 27
2025/09/11 09:24:29 [DEBUG] 令牌解析完成，有效性: true
2025/09/11 09:24:29 [DEBUG] 声明类型正确，用户ID: 6, 用户名: test_868972
2025/09/11 09:24:29 [DEBUG] 令牌有效，返回声明
[GIN] 2025/09/11 - 09:24:29 | 200 |     947.458µs |       127.0.0.1 | GET      "/api/v1/auth/me"
2025/09/11 09:24:29 [DEBUG] 开始验证JWT令牌
2025/09/11 09:24:29 [DEBUG] 令牌字符串长度: 388
2025/09/11 09:24:29 [DEBUG] 令牌字符串前50个字符: eyJhbGciOiJIUzI1NiIsInR5cCI6IkpXVCJ9.eyJ1c2VyX2lkI...
2025/09/11 09:24:29 [DEBUG] JWT密钥长度: 27
2025/09/11 09:24:29 [DEBUG] JWT密钥内容: your-development-secret-key
2025/09/11 09:24:29 [DEBUG] 令牌头部: {"alg":"HS256","typ":"JWT"}
2025/09/11 09:24:29 [DEBUG] 令牌签名方法: HS256
2025/09/11 09:24:29 [DEBUG] 返回密钥进行验证，长度: 27
2025/09/11 09:24:29 [DEBUG] 令牌解析完成，有效性: true
2025/09/11 09:24:29 [DEBUG] 声明类型正确，用户ID: 6, 用户名: test_868972
2025/09/11 09:24:29 [DEBUG] 令牌有效，返回声明

2025/09/11 09:24:29 [32m/mnt/d/暑期项目/HorizonCloudService-main/services/file-service/internal/repository/file_repository.go:164
[0m[33m[0.846ms] [34;1m[rows:1][0m SELECT count(*) FROM `file_files` WHERE user_id = 6 AND folder_id IS NULL AND status = 1 AND `file_files`.`deleted_at` IS NULL

2025/09/11 09:24:29 [32m/mnt/d/暑期项目/HorizonCloudService-main/services/file-service/internal/repository/file_repository.go:177
[0m[33m[0.847ms] [34;1m[rows:0][0m SELECT * FROM `file_files` WHERE user_id = 6 AND folder_id IS NULL AND status = 1 AND `file_files`.`deleted_at` IS NULL ORDER BY created_at DESC LIMIT 20
[GIN] 2025/09/11 - 09:24:29 | 200 |    2.822088ms |       127.0.0.1 | GET      "/api/v1/files"
2025/09/11 09:24:29 [DEBUG] 开始验证JWT令牌
2025/09/11 09:24:29 [DEBUG] 令牌字符串长度: 388
2025/09/11 09:24:29 [DEBUG] 令牌字符串前50个字符: eyJhbGciOiJIUzI1NiIsInR5cCI6IkpXVCJ9.eyJ1c2VyX2lkI...
2025/09/11 09:24:29 [DEBUG] JWT密钥长度: 27
2025/09/11 09:24:29 [DEBUG] JWT密钥内容: your-development-secret-key
2025/09/11 09:24:29 [DEBUG] 令牌头部: {"alg":"HS256","typ":"JWT"}
2025/09/11 09:24:29 [DEBUG] 令牌签名方法: HS256
2025/09/11 09:24:29 [DEBUG] 返回密钥进行验证，长度: 27
2025/09/11 09:24:29 [DEBUG] 令牌解析完成，有效性: true
2025/09/11 09:24:29 [DEBUG] 声明类型正确，用户ID: 6, 用户名: test_868972
2025/09/11 09:24:29 [DEBUG] 令牌有效，返回声明

2025/09/11 09:24:29 [32m/mnt/d/暑期项目/HorizonCloudService-main/services/file-service/internal/repository/folder_repository.go:175
[0m[33m[0.777ms] [34;1m[rows:0][0m SELECT * FROM `file_folders` WHERE (user_id = 6 AND parent_id IS NULL) AND `file_folders`.`deleted_at` IS NULL ORDER BY sort_order ASC, name ASC
[GIN] 2025/09/11 - 09:24:29 | 200 |    4.280983ms |       127.0.0.1 | GET      "/api/v1/folders"
2025/09/11 09:24:29 [DEBUG] 开始验证JWT令牌
2025/09/11 09:24:29 [DEBUG] 令牌字符串长度: 388
2025/09/11 09:24:29 [DEBUG] 令牌字符串前50个字符: eyJhbGciOiJIUzI1NiIsInR5cCI6IkpXVCJ9.eyJ1c2VyX2lkI...
2025/09/11 09:24:29 [DEBUG] JWT密钥长度: 27
2025/09/11 09:24:29 [DEBUG] JWT密钥内容: your-development-secret-key
2025/09/11 09:24:29 [DEBUG] 令牌头部: {"alg":"HS256","typ":"JWT"}
2025/09/11 09:24:29 [DEBUG] 令牌签名方法: HS256
2025/09/11 09:24:29 [DEBUG] 返回密钥进行验证，长度: 27
2025/09/11 09:24:29 [DEBUG] 令牌解析完成，有效性: true
2025/09/11 09:24:29 [DEBUG] 声明类型正确，用户ID: 6, 用户名: test_868972
2025/09/11 09:24:29 [DEBUG] 令牌有效，返回声明
[GIN] 2025/09/11 - 09:24:29 | 500 |      815.09µs |       127.0.0.1 | GET      "/api/v1/quota/status"
2025/09/11 09:24:29 [DEBUG] 开始验证JWT令牌
2025/09/11 09:24:29 [DEBUG] 令牌字符串长度: 388
2025/09/11 09:24:29 [DEBUG] 令牌字符串前50个字符: eyJhbGciOiJIUzI1NiIsInR5cCI6IkpXVCJ9.eyJ1c2VyX2lkI...
2025/09/11 09:24:29 [DEBUG] JWT密钥长度: 27
2025/09/11 09:24:29 [DEBUG] JWT密钥内容: your-development-secret-key
2025/09/11 09:24:29 [DEBUG] 令牌头部: {"alg":"HS256","typ":"JWT"}
2025/09/11 09:24:29 [DEBUG] 令牌签名方法: HS256
2025/09/11 09:24:29 [DEBUG] 返回密钥进行验证，长度: 27
2025/09/11 09:24:29 [DEBUG] 令牌解析完成，有效性: true
2025/09/11 09:24:29 [DEBUG] 声明类型正确，用户ID: 6, 用户名: test_868972
2025/09/11 09:24:29 [DEBUG] 令牌有效，返回声明

2025/09/11 09:24:29 [31;1m/mnt/d/暑期项目/HorizonCloudService-main/services/file-service/internal/repository/file_repository.go:200 [35;1munrecognized token: "@"
[0m[33m[0.044ms] [34;1m[rows:0][0m SELECT count(*) FROM `file_files` WHERE user_id = 6 AND (to_tsvector('simple', name) @@ plainto_tsquery('simple', "test") OR to_tsvector('simple', original_name) @@ plainto_tsquery('simple', "test") OR name ILIKE "%test%" OR original_name ILIKE "%test%") AND size >= 0 AND size <= 0 AND status = 1 AND created_at >= "" AND created_at <= "" AND `file_files`.`deleted_at` IS NULL
[GIN] 2025/09/11 - 09:24:29 | 500 |    1.721391ms |       127.0.0.1 | GET      "/api/v1/files/search?q=test&limit=10&offset=0"
2025/09/11 09:24:29 [DEBUG] 开始验证JWT令牌
2025/09/11 09:24:29 [DEBUG] 令牌字符串长度: 388
2025/09/11 09:24:29 [DEBUG] 令牌字符串前50个字符: eyJhbGciOiJIUzI1NiIsInR5cCI6IkpXVCJ9.eyJ1c2VyX2lkI...
2025/09/11 09:24:29 [DEBUG] JWT密钥长度: 27
2025/09/11 09:24:29 [DEBUG] JWT密钥内容: your-development-secret-key
2025/09/11 09:24:29 [DEBUG] 令牌头部: {"alg":"HS256","typ":"JWT"}
2025/09/11 09:24:29 [DEBUG] 令牌签名方法: HS256
2025/09/11 09:24:29 [DEBUG] 返回密钥进行验证，长度: 27
2025/09/11 09:24:29 [DEBUG] 令牌解析完成，有效性: true
2025/09/11 09:24:29 [DEBUG] 声明类型正确，用户ID: 6, 用户名: test_868972
2025/09/11 09:24:29 [DEBUG] 令牌有效，返回声明

2025/09/11 09:24:29 [32m/mnt/d/暑期项目/HorizonCloudService-main/services/file-service/internal/repository/file_repository.go:424
[0m[33m[0.648ms] [34;1m[rows:1][0m SELECT count(*) FROM `file_files` WHERE user_id = 6 AND `file_files`.`deleted_at` IS NULL

2025/09/11 09:24:29 [32m/mnt/d/暑期项目/HorizonCloudService-main/services/file-service/internal/repository/file_repository.go:437
[0m[33m[0.616ms] [34;1m[rows:1][0m SELECT COALESCE(SUM(size), 0) as total_size FROM `file_files` WHERE user_id = 6 AND `file_files`.`deleted_at` IS NULL

2025/09/11 09:24:29 [32m/mnt/d/暑期项目/HorizonCloudService-main/services/file-service/internal/repository/folder_repository.go:165
[0m[33m[0.597ms] [34;1m[rows:0][0m SELECT * FROM `file_folders` WHERE user_id = 6 AND `file_folders`.`deleted_at` IS NULL ORDER BY level ASC, name ASC
[GIN] 2025/09/11 - 09:24:29 | 200 |    2.998525ms |       127.0.0.1 | GET      "/api/v1/files/stats"
2025/09/11 09:24:29 [DEBUG] 开始验证JWT令牌
2025/09/11 09:24:29 [DEBUG] 令牌字符串长度: 388
2025/09/11 09:24:29 [DEBUG] 令牌字符串前50个字符: eyJhbGciOiJIUzI1NiIsInR5cCI6IkpXVCJ9.eyJ1c2VyX2lkI...
2025/09/11 09:24:29 [DEBUG] JWT密钥长度: 27
2025/09/11 09:24:29 [DEBUG] JWT密钥内容: your-development-secret-key
2025/09/11 09:24:29 [DEBUG] 令牌头部: {"alg":"HS256","typ":"JWT"}
2025/09/11 09:24:29 [DEBUG] 令牌签名方法: HS256
2025/09/11 09:24:29 [DEBUG] 返回密钥进行验证，长度: 27
2025/09/11 09:24:29 [DEBUG] 令牌解析完成，有效性: true
2025/09/11 09:24:29 [DEBUG] 声明类型正确，用户ID: 6, 用户名: test_868972
2025/09/11 09:24:29 [DEBUG] 令牌有效，返回声明

2025/09/11 09:24:29 [32m/mnt/d/暑期项目/HorizonCloudService-main/services/file-service/internal/repository/file_repository.go:437
[0m[33m[0.770ms] [34;1m[rows:1][0m SELECT COALESCE(SUM(size), 0) as total_size FROM `file_files` WHERE user_id = 6 AND `file_files`.`deleted_at` IS NULL

2025/09/11 09:24:29 [32m/mnt/d/暑期项目/HorizonCloudService-main/services/file-service/internal/repository/file_repository.go:424
[0m[33m[0.562ms] [34;1m[rows:1][0m SELECT count(*) FROM `file_files` WHERE user_id = 6 AND `file_files`.`deleted_at` IS NULL

2025/09/11 09:24:29 [32m/mnt/d/暑期项目/HorizonCloudService-main/services/file-service/internal/repository/file_repository.go:453
[0m[33m[0.558ms] [34;1m[rows:0][0m SELECT category, COUNT(*) as count FROM `file_files` WHERE user_id = 6 AND `file_files`.`deleted_at` IS NULL GROUP BY `category`

2025/09/11 09:24:29 [32m/mnt/d/暑期项目/HorizonCloudService-main/services/file-service/internal/repository/file_repository.go:477
[0m[33m[0.561ms] [34;1m[rows:0][0m SELECT storage_tier, COALESCE(SUM(size), 0) as total_size FROM `file_files` WHERE user_id = 6 AND `file_files`.`deleted_at` IS NULL GROUP BY `storage_tier`
[GIN] 2025/09/11 - 09:24:29 | 200 |    3.610297ms |       127.0.0.1 | GET      "/api/v1/files/storage-stats"
2025/09/11 09:24:29 [DEBUG] 开始验证JWT令牌
2025/09/11 09:24:29 [DEBUG] 令牌字符串长度: 388
2025/09/11 09:24:29 [DEBUG] 令牌字符串前50个字符: eyJhbGciOiJIUzI1NiIsInR5cCI6IkpXVCJ9.eyJ1c2VyX2lkI...
2025/09/11 09:24:29 [DEBUG] JWT密钥长度: 27
2025/09/11 09:24:29 [DEBUG] JWT密钥内容: your-development-secret-key
2025/09/11 09:24:29 [DEBUG] 令牌头部: {"alg":"HS256","typ":"JWT"}
2025/09/11 09:24:29 [DEBUG] 令牌签名方法: HS256
2025/09/11 09:24:29 [DEBUG] 返回密钥进行验证，长度: 27
2025/09/11 09:24:29 [DEBUG] 令牌解析完成，有效性: true
2025/09/11 09:24:29 [DEBUG] 声明类型正确，用户ID: 6, 用户名: test_868972
2025/09/11 09:24:29 [DEBUG] 令牌有效，返回声明

2025/09/11 09:24:29 [32m/mnt/d/暑期项目/HorizonCloudService-main/services/file-service/internal/repository/file_repository.go:164
[0m[33m[0.619ms] [34;1m[rows:1][0m SELECT count(*) FROM `file_files` WHERE user_id = 6 AND folder_id IS NULL AND status = 1 AND `file_files`.`deleted_at` IS NULL

2025/09/11 09:24:29 [32m/mnt/d/暑期项目/HorizonCloudService-main/services/file-service/internal/repository/file_repository.go:177
[0m[33m[0.630ms] [34;1m[rows:0][0m SELECT * FROM `file_files` WHERE user_id = 6 AND folder_id IS NULL AND status = 1 AND `file_files`.`deleted_at` IS NULL ORDER BY created_at DESC LIMIT 10000
[GIN] 2025/09/11 - 09:24:29 | 200 |    2.347003ms |       127.0.0.1 | GET      "/api/v1/files/duplicates"
2025/09/11 09:24:29 [DEBUG] 开始验证JWT令牌
2025/09/11 09:24:29 [DEBUG] 令牌字符串长度: 388
2025/09/11 09:24:29 [DEBUG] 令牌字符串前50个字符: eyJhbGciOiJIUzI1NiIsInR5cCI6IkpXVCJ9.eyJ1c2VyX2lkI...
2025/09/11 09:24:29 [DEBUG] JWT密钥长度: 27
2025/09/11 09:24:29 [DEBUG] JWT密钥内容: your-development-secret-key
2025/09/11 09:24:29 [DEBUG] 令牌头部: {"alg":"HS256","typ":"JWT"}
2025/09/11 09:24:29 [DEBUG] 令牌签名方法: HS256
2025/09/11 09:24:29 [DEBUG] 返回密钥进行验证，长度: 27
2025/09/11 09:24:29 [DEBUG] 令牌解析完成，有效性: true
2025/09/11 09:24:29 [DEBUG] 声明类型正确，用户ID: 6, 用户名: test_868972
2025/09/11 09:24:29 [DEBUG] 令牌有效，返回声明

2025/09/11 09:24:29 [32m/mnt/d/暑期项目/HorizonCloudService-main/services/file-service/internal/repository/file_repository.go:164
[0m[33m[0.600ms] [34;1m[rows:1][0m SELECT count(*) FROM `file_files` WHERE user_id = 6 AND folder_id IS NULL AND status = 1 AND `file_files`.`deleted_at` IS NULL

2025/09/11 09:24:29 [32m/mnt/d/暑期项目/HorizonCloudService-main/services/file-service/internal/repository/file_repository.go:177
[0m[33m[0.601ms] [34;1m[rows:0][0m SELECT * FROM `file_files` WHERE user_id = 6 AND folder_id IS NULL AND status = 1 AND `file_files`.`deleted_at` IS NULL ORDER BY created_at DESC LIMIT 20
[GIN] 2025/09/11 - 09:24:29 | 200 |    2.704213ms |       127.0.0.1 | GET      "/api/v1/files?limit=1"
2025/09/11 09:24:29 [DEBUG] 开始验证JWT令牌
2025/09/11 09:24:29 [DEBUG] 令牌字符串长度: 388
2025/09/11 09:24:29 [DEBUG] 令牌字符串前50个字符: eyJhbGciOiJIUzI1NiIsInR5cCI6IkpXVCJ9.eyJ1c2VyX2lkI...
2025/09/11 09:24:29 [DEBUG] JWT密钥长度: 27
2025/09/11 09:24:29 [DEBUG] JWT密钥内容: your-development-secret-key
2025/09/11 09:24:29 [DEBUG] 令牌头部: {"alg":"HS256","typ":"JWT"}
2025/09/11 09:24:29 [DEBUG] 令牌签名方法: HS256
2025/09/11 09:24:29 [DEBUG] 返回密钥进行验证，长度: 27
2025/09/11 09:24:29 [DEBUG] 令牌解析完成，有效性: true
2025/09/11 09:24:29 [DEBUG] 声明类型正确，用户ID: 6, 用户名: test_868972
2025/09/11 09:24:29 [DEBUG] 令牌有效，返回声明

2025/09/11 09:24:29 [31;1m/mnt/d/暑期项目/HorizonCloudService-main/services/file-service/internal/repository/folder_repository.go:421 [35;1mrecord not found
[0m[33m[0.954ms] [34;1m[rows:0][0m SELECT * FROM `file_folders` WHERE (user_id = 6 AND name = "完整测试文件夹") AND parent_id IS NULL AND `file_folders`.`deleted_at` IS NULL ORDER BY `file_folders`.`id` LIMIT 1

2025/09/11 09:24:29 [32m/mnt/d/暑期项目/HorizonCloudService-main/services/file-service/internal/repository/folder_repository.go:73
[0m[33m[6.323ms] [34;1m[rows:1][0m INSERT INTO `file_folders` (`created_at`,`updated_at`,`deleted_at`,`name`,`path`,`description`,`parent_id`,`level`,`materialized_path`,`user_id`,`status`,`is_system`,`is_shared`,`file_count`,`folder_count`,`total_size`,`color`,`icon`,`sort_order`) VALUES ("2025-09-11 01:24:29.177","2025-09-11 01:24:29.177",NULL,"完整测试文件夹","/完整测试文件夹","JavaScript自动化集成测试创建的文件夹",NULL,0,"",6,1,false,false,0,0,0,"","",0) RETURNING `id`

2025/09/11 09:24:29 [32m/mnt/d/暑期项目/HorizonCloudService-main/services/file-service/internal/repository/folder_repository.go:91
[0m[33m[0.124ms] [34;1m[rows:1][0m UPDATE `file_folders` SET `created_at`="2025-09-11 01:24:29.177",`updated_at`="2025-09-11 01:24:29.183",`deleted_at`=NULL,`name`="完整测试文件夹",`path`="/完整测试文件夹",`description`="JavaScript自动化集成测试创建的文件夹",`parent_id`=NULL,`level`=0,`materialized_path`="/42",`user_id`=6,`status`=1,`is_system`=false,`is_shared`=false,`file_count`=0,`folder_count`=0,`total_size`=0,`color`="",`icon`="",`sort_order`=0 WHERE `file_folders`.`deleted_at` IS NULL AND `id` = 42
[GIN] 2025/09/11 - 09:24:29 | 200 |   16.547963ms |       127.0.0.1 | POST     "/api/v1/folders"
2025/09/11 09:24:29 [DEBUG] 开始验证JWT令牌
2025/09/11 09:24:29 [DEBUG] 令牌字符串长度: 388
2025/09/11 09:24:29 [DEBUG] 令牌字符串前50个字符: eyJhbGciOiJIUzI1NiIsInR5cCI6IkpXVCJ9.eyJ1c2VyX2lkI...
2025/09/11 09:24:29 [DEBUG] JWT密钥长度: 27
2025/09/11 09:24:29 [DEBUG] JWT密钥内容: your-development-secret-key
2025/09/11 09:24:29 [DEBUG] 令牌头部: {"alg":"HS256","typ":"JWT"}
2025/09/11 09:24:29 [DEBUG] 令牌签名方法: HS256
2025/09/11 09:24:29 [DEBUG] 返回密钥进行验证，长度: 27
2025/09/11 09:24:29 [DEBUG] 令牌解析完成，有效性: true
2025/09/11 09:24:29 [DEBUG] 声明类型正确，用户ID: 6, 用户名: test_868972
2025/09/11 09:24:29 [DEBUG] 令牌有效，返回声明

2025/09/11 09:24:29 [32m/mnt/d/暑期项目/HorizonCloudService-main/services/file-service/internal/repository/folder_repository.go:193
[0m[33m[0.855ms] [34;1m[rows:1][0m SELECT * FROM `file_folders` WHERE user_id = 6 AND `file_folders`.`deleted_at` IS NULL ORDER BY level ASC, name ASC
[GIN] 2025/09/11 - 09:24:29 | 200 |    2.243678ms |       127.0.0.1 | GET      "/api/v1/folders/tree"
2025/09/11 09:24:29 [DEBUG] 开始验证JWT令牌
2025/09/11 09:24:29 [DEBUG] 令牌字符串长度: 388
2025/09/11 09:24:29 [DEBUG] 令牌字符串前50个字符: eyJhbGciOiJIUzI1NiIsInR5cCI6IkpXVCJ9.eyJ1c2VyX2lkI...
2025/09/11 09:24:29 [DEBUG] JWT密钥长度: 27
2025/09/11 09:24:29 [DEBUG] JWT密钥内容: your-development-secret-key
2025/09/11 09:24:29 [DEBUG] 令牌头部: {"alg":"HS256","typ":"JWT"}
2025/09/11 09:24:29 [DEBUG] 令牌签名方法: HS256
2025/09/11 09:24:29 [DEBUG] 返回密钥进行验证，长度: 27
2025/09/11 09:24:29 [DEBUG] 令牌解析完成，有效性: true
2025/09/11 09:24:29 [DEBUG] 声明类型正确，用户ID: 6, 用户名: test_868972
2025/09/11 09:24:29 [DEBUG] 令牌有效，返回声明

2025/09/11 09:24:29 [31;1m/mnt/d/暑期项目/HorizonCloudService-main/services/file-service/internal/repository/folder_repository.go:396 [35;1munrecognized token: "@"
[0m[33m[0.030ms] [34;1m[rows:0][0m SELECT count(*) FROM `file_folders` WHERE user_id = 6 AND (to_tsvector('simple', name) @@ plainto_tsquery('simple', "完整测试") OR name ILIKE "%完整测试%") AND `file_folders`.`deleted_at` IS NULL
[GIN] 2025/09/11 - 09:24:29 | 500 |     934.037µs |       127.0.0.1 | GET      "/api/v1/folders/search?q=%E5%AE%8C%E6%95%B4%E6%B5%8B%E8%AF%95&limit=10&offset=0"
2025/09/11 09:24:29 [DEBUG] 开始验证JWT令牌
2025/09/11 09:24:29 [DEBUG] 令牌字符串长度: 388
2025/09/11 09:24:29 [DEBUG] 令牌字符串前50个字符: eyJhbGciOiJIUzI1NiIsInR5cCI6IkpXVCJ9.eyJ1c2VyX2lkI...
2025/09/11 09:24:29 [DEBUG] JWT密钥长度: 27
2025/09/11 09:24:29 [DEBUG] JWT密钥内容: your-development-secret-key
2025/09/11 09:24:29 [DEBUG] 令牌头部: {"alg":"HS256","typ":"JWT"}
2025/09/11 09:24:29 [DEBUG] 令牌签名方法: HS256
2025/09/11 09:24:29 [DEBUG] 返回密钥进行验证，长度: 27
2025/09/11 09:24:29 [DEBUG] 令牌解析完成，有效性: true
2025/09/11 09:24:29 [DEBUG] 声明类型正确，用户ID: 6, 用户名: test_868972
2025/09/11 09:24:29 [DEBUG] 令牌有效，返回声明

2025/09/11 09:24:29 [31;1m/mnt/d/暑期项目/HorizonCloudService-main/services/file-service/internal/repository/folder_repository.go:112 [35;1mrecord not found
[0m[33m[0.746ms] [34;1m[rows:0][0m SELECT * FROM `file_folders` WHERE (user_id = 6 AND path = "/") AND `file_folders`.`deleted_at` IS NULL ORDER BY `file_folders`.`id` LIMIT 1
[GIN] 2025/09/11 - 09:24:29 | 404 |    1.871822ms |       127.0.0.1 | GET      "/api/v1/folders/by-path?path=%2F"
2025/09/11 09:24:29 [DEBUG] 开始验证JWT令牌
2025/09/11 09:24:29 [DEBUG] 令牌字符串长度: 388
2025/09/11 09:24:29 [DEBUG] 令牌字符串前50个字符: eyJhbGciOiJIUzI1NiIsInR5cCI6IkpXVCJ9.eyJ1c2VyX2lkI...
2025/09/11 09:24:29 [DEBUG] JWT密钥长度: 27
2025/09/11 09:24:29 [DEBUG] JWT密钥内容: your-development-secret-key
2025/09/11 09:24:29 [DEBUG] 令牌头部: {"alg":"HS256","typ":"JWT"}
2025/09/11 09:24:29 [DEBUG] 令牌签名方法: HS256
2025/09/11 09:24:29 [DEBUG] 返回密钥进行验证，长度: 27
2025/09/11 09:24:29 [DEBUG] 令牌解析完成，有效性: true
2025/09/11 09:24:29 [DEBUG] 声明类型正确，用户ID: 6, 用户名: test_868972
2025/09/11 09:24:29 [DEBUG] 令牌有效，返回声明

2025/09/11 09:24:29 [32m/mnt/d/暑期项目/HorizonCloudService-main/services/file-service/internal/repository/folder_repository.go:73
[0m[33m[6.453ms] [34;1m[rows:1][0m INSERT INTO `file_folders` (`created_at`,`updated_at`,`deleted_at`,`name`,`path`,`description`,`parent_id`,`level`,`materialized_path`,`user_id`,`status`,`is_system`,`is_shared`,`file_count`,`folder_count`,`total_size`,`color`,`icon`,`sort_order`) VALUES ("2025-09-11 01:24:29.202","2025-09-11 01:24:29.202",NULL,"Images","/Images","",NULL,0,"",6,1,true,false,0,0,0,"#4CAF50","image",0) RETURNING `id`

2025/09/11 09:24:29 [32m/mnt/d/暑期项目/HorizonCloudService-main/services/file-service/internal/repository/folder_repository.go:91
[0m[33m[0.132ms] [34;1m[rows:1][0m UPDATE `file_folders` SET `created_at`="2025-09-11 01:24:29.202",`updated_at`="2025-09-11 01:24:29.209",`deleted_at`=NULL,`name`="Images",`path`="/Images",`description`="",`parent_id`=NULL,`level`=0,`materialized_path`="/43",`user_id`=6,`status`=1,`is_system`=true,`is_shared`=false,`file_count`=0,`folder_count`=0,`total_size`=0,`color`="#4CAF50",`icon`="image",`sort_order`=0 WHERE `file_folders`.`deleted_at` IS NULL AND `id` = 43

2025/09/11 09:24:29 [32m/mnt/d/暑期项目/HorizonCloudService-main/services/file-service/internal/repository/folder_repository.go:73
[0m[33m[4.589ms] [34;1m[rows:1][0m INSERT INTO `file_folders` (`created_at`,`updated_at`,`deleted_at`,`name`,`path`,`description`,`parent_id`,`level`,`materialized_path`,`user_id`,`status`,`is_system`,`is_shared`,`file_count`,`folder_count`,`total_size`,`color`,`icon`,`sort_order`) VALUES ("2025-09-11 01:24:29.217","2025-09-11 01:24:29.217",NULL,"Videos","/Videos","",NULL,0,"",6,1,true,false,0,0,0,"#FF5722","video",0) RETURNING `id`

2025/09/11 09:24:29 [32m/mnt/d/暑期项目/HorizonCloudService-main/services/file-service/internal/repository/folder_repository.go:91
[0m[33m[0.180ms] [34;1m[rows:1][0m UPDATE `file_folders` SET `created_at`="2025-09-11 01:24:29.217",`updated_at`="2025-09-11 01:24:29.222",`deleted_at`=NULL,`name`="Videos",`path`="/Videos",`description`="",`parent_id`=NULL,`level`=0,`materialized_path`="/44",`user_id`=6,`status`=1,`is_system`=true,`is_shared`=false,`file_count`=0,`folder_count`=0,`total_size`=0,`color`="#FF5722",`icon`="video",`sort_order`=0 WHERE `file_folders`.`deleted_at` IS NULL AND `id` = 44

2025/09/11 09:24:29 [32m/mnt/d/暑期项目/HorizonCloudService-main/services/file-service/internal/repository/folder_repository.go:73
[0m[33m[11.839ms] [34;1m[rows:1][0m INSERT INTO `file_folders` (`created_at`,`updated_at`,`deleted_at`,`name`,`path`,`description`,`parent_id`,`level`,`materialized_path`,`user_id`,`status`,`is_system`,`is_shared`,`file_count`,`folder_count`,`total_size`,`color`,`icon`,`sort_order`) VALUES ("2025-09-11 01:24:29.23","2025-09-11 01:24:29.23",NULL,"Audios","/Audios","",NULL,0,"",6,1,true,false,0,0,0,"#9C27B0","audio",0) RETURNING `id`

2025/09/11 09:24:29 [32m/mnt/d/暑期项目/HorizonCloudService-main/services/file-service/internal/repository/folder_repository.go:91
[0m[33m[0.150ms] [34;1m[rows:1][0m UPDATE `file_folders` SET `created_at`="2025-09-11 01:24:29.23",`updated_at`="2025-09-11 01:24:29.242",`deleted_at`=NULL,`name`="Audios",`path`="/Audios",`description`="",`parent_id`=NULL,`level`=0,`materialized_path`="/45",`user_id`=6,`status`=1,`is_system`=true,`is_shared`=false,`file_count`=0,`folder_count`=0,`total_size`=0,`color`="#9C27B0",`icon`="audio",`sort_order`=0 WHERE `file_folders`.`deleted_at` IS NULL AND `id` = 45

2025/09/11 09:24:29 [32m/mnt/d/暑期项目/HorizonCloudService-main/services/file-service/internal/repository/folder_repository.go:73
[0m[33m[8.050ms] [34;1m[rows:1][0m INSERT INTO `file_folders` (`created_at`,`updated_at`,`deleted_at`,`name`,`path`,`description`,`parent_id`,`level`,`materialized_path`,`user_id`,`status`,`is_system`,`is_shared`,`file_count`,`folder_count`,`total_size`,`color`,`icon`,`sort_order`) VALUES ("2025-09-11 01:24:29.254","2025-09-11 01:24:29.254",NULL,"Documents","/Documents","",NULL,0,"",6,1,true,false,0,0,0,"#2196F3","document",0) RETURNING `id`

2025/09/11 09:24:29 [32m/mnt/d/暑期项目/HorizonCloudService-main/services/file-service/internal/repository/folder_repository.go:91
[0m[33m[0.135ms] [34;1m[rows:1][0m UPDATE `file_folders` SET `created_at`="2025-09-11 01:24:29.254",`updated_at`="2025-09-11 01:24:29.262",`deleted_at`=NULL,`name`="Documents",`path`="/Documents",`description`="",`parent_id`=NULL,`level`=0,`materialized_path`="/46",`user_id`=6,`status`=1,`is_system`=true,`is_shared`=false,`file_count`=0,`folder_count`=0,`total_size`=0,`color`="#2196F3",`icon`="document",`sort_order`=0 WHERE `file_folders`.`deleted_at` IS NULL AND `id` = 46

2025/09/11 09:24:29 [32m/mnt/d/暑期项目/HorizonCloudService-main/services/file-service/internal/repository/folder_repository.go:73
[0m[33m[7.125ms] [34;1m[rows:1][0m INSERT INTO `file_folders` (`created_at`,`updated_at`,`deleted_at`,`name`,`path`,`description`,`parent_id`,`level`,`materialized_path`,`user_id`,`status`,`is_system`,`is_shared`,`file_count`,`folder_count`,`total_size`,`color`,`icon`,`sort_order`) VALUES ("2025-09-11 01:24:29.272","2025-09-11 01:24:29.272",NULL,"Archives","/Archives","",NULL,0,"",6,1,true,false,0,0,0,"#FF9800","archive",0) RETURNING `id`

2025/09/11 09:24:29 [32m/mnt/d/暑期项目/HorizonCloudService-main/services/file-service/internal/repository/folder_repository.go:91
[0m[33m[0.139ms] [34;1m[rows:1][0m UPDATE `file_folders` SET `created_at`="2025-09-11 01:24:29.272",`updated_at`="2025-09-11 01:24:29.279",`deleted_at`=NULL,`name`="Archives",`path`="/Archives",`description`="",`parent_id`=NULL,`level`=0,`materialized_path`="/47",`user_id`=6,`status`=1,`is_system`=true,`is_shared`=false,`file_count`=0,`folder_count`=0,`total_size`=0,`color`="#FF9800",`icon`="archive",`sort_order`=0 WHERE `file_folders`.`deleted_at` IS NULL AND `id` = 47
[GIN] 2025/09/11 - 09:24:29 | 200 |   88.518463ms |       127.0.0.1 | POST     "/api/v1/folders/system/create"
2025/09/11 09:24:29 [DEBUG] 开始验证JWT令牌
2025/09/11 09:24:29 [DEBUG] 令牌字符串长度: 388
2025/09/11 09:24:29 [DEBUG] 令牌字符串前50个字符: eyJhbGciOiJIUzI1NiIsInR5cCI6IkpXVCJ9.eyJ1c2VyX2lkI...
2025/09/11 09:24:29 [DEBUG] JWT密钥长度: 27
2025/09/11 09:24:29 [DEBUG] JWT密钥内容: your-development-secret-key
2025/09/11 09:24:29 [DEBUG] 令牌头部: {"alg":"HS256","typ":"JWT"}
2025/09/11 09:24:29 [DEBUG] 令牌签名方法: HS256
2025/09/11 09:24:29 [DEBUG] 返回密钥进行验证，长度: 27
2025/09/11 09:24:29 [DEBUG] 令牌解析完成，有效性: true
2025/09/11 09:24:29 [DEBUG] 声明类型正确，用户ID: 6, 用户名: test_868972
2025/09/11 09:24:29 [DEBUG] 令牌有效，返回声明

2025/09/11 09:24:29 [32m/mnt/d/暑期项目/HorizonCloudService-main/services/file-service/internal/repository/upload_repository.go:74
[0m[33m[1.303ms] [34;1m[rows:1][0m SELECT count(*) FROM `file_upload_sessions` WHERE user_id = 6 AND `file_upload_sessions`.`deleted_at` IS NULL

2025/09/11 09:24:29 [32m/mnt/d/暑期项目/HorizonCloudService-main/services/file-service/internal/repository/upload_repository.go:82
[0m[33m[0.951ms] [34;1m[rows:0][0m SELECT * FROM `file_upload_sessions` WHERE user_id = 6 AND `file_upload_sessions`.`deleted_at` IS NULL ORDER BY created_at DESC LIMIT 20
[GIN] 2025/09/11 - 09:24:29 | 200 |     4.03891ms |       127.0.0.1 | GET      "/api/v1/upload/sessions"
2025/09/11 09:24:29 [DEBUG] 开始验证JWT令牌
2025/09/11 09:24:29 [DEBUG] 令牌字符串长度: 388
2025/09/11 09:24:29 [DEBUG] 令牌字符串前50个字符: eyJhbGciOiJIUzI1NiIsInR5cCI6IkpXVCJ9.eyJ1c2VyX2lkI...
2025/09/11 09:24:29 [DEBUG] JWT密钥长度: 27
2025/09/11 09:24:29 [DEBUG] JWT密钥内容: your-development-secret-key
2025/09/11 09:24:29 [DEBUG] 令牌头部: {"alg":"HS256","typ":"JWT"}
2025/09/11 09:24:29 [DEBUG] 令牌签名方法: HS256
2025/09/11 09:24:29 [DEBUG] 返回密钥进行验证，长度: 27
2025/09/11 09:24:29 [DEBUG] 令牌解析完成，有效性: true
2025/09/11 09:24:29 [DEBUG] 声明类型正确，用户ID: 6, 用户名: test_868972
2025/09/11 09:24:29 [DEBUG] 令牌有效，返回声明
[GIN] 2025/09/11 - 09:24:29 | 500 |     1.81277ms |       127.0.0.1 | POST     "/api/v1/upload/simple"
2025/09/11 09:24:29 [DEBUG] 开始验证JWT令牌
2025/09/11 09:24:29 [DEBUG] 令牌字符串长度: 388
2025/09/11 09:24:29 [DEBUG] 令牌字符串前50个字符: eyJhbGciOiJIUzI1NiIsInR5cCI6IkpXVCJ9.eyJ1c2VyX2lkI...
2025/09/11 09:24:29 [DEBUG] JWT密钥长度: 27
2025/09/11 09:24:29 [DEBUG] JWT密钥内容: your-development-secret-key
2025/09/11 09:24:29 [DEBUG] 令牌头部: {"alg":"HS256","typ":"JWT"}
2025/09/11 09:24:29 [DEBUG] 令牌签名方法: HS256
2025/09/11 09:24:29 [DEBUG] 返回密钥进行验证，长度: 27
2025/09/11 09:24:29 [DEBUG] 令牌解析完成，有效性: true
2025/09/11 09:24:29 [DEBUG] 声明类型正确，用户ID: 6, 用户名: test_868972
2025/09/11 09:24:29 [DEBUG] 令牌有效，返回声明
[GIN] 2025/09/11 - 09:24:29 | 500 |    1.340406ms |       127.0.0.1 | POST     "/api/v1/upload/initiate"
2025/09/11 09:24:29 [DEBUG] 开始验证JWT令牌
2025/09/11 09:24:29 [DEBUG] 令牌字符串长度: 388
2025/09/11 09:24:29 [DEBUG] 令牌字符串前50个字符: eyJhbGciOiJIUzI1NiIsInR5cCI6IkpXVCJ9.eyJ1c2VyX2lkI...
2025/09/11 09:24:29 [DEBUG] JWT密钥长度: 27
2025/09/11 09:24:29 [DEBUG] JWT密钥内容: your-development-secret-key
2025/09/11 09:24:29 [DEBUG] 令牌头部: {"alg":"HS256","typ":"JWT"}
2025/09/11 09:24:29 [DEBUG] 令牌签名方法: HS256
2025/09/11 09:24:29 [DEBUG] 返回密钥进行验证，长度: 27
2025/09/11 09:24:29 [DEBUG] 令牌解析完成，有效性: true
2025/09/11 09:24:29 [DEBUG] 声明类型正确，用户ID: 6, 用户名: test_868972
2025/09/11 09:24:29 [DEBUG] 令牌有效，返回声明

2025/09/11 09:24:29 [32m/mnt/d/暑期项目/HorizonCloudService-main/services/file-service/internal/repository/upload_repository.go:74
[0m[33m[0.676ms] [34;1m[rows:1][0m SELECT count(*) FROM `file_upload_sessions` WHERE user_id = 6 AND `file_upload_sessions`.`deleted_at` IS NULL

2025/09/11 09:24:29 [32m/mnt/d/暑期项目/HorizonCloudService-main/services/file-service/internal/repository/upload_repository.go:82
[0m[33m[0.629ms] [34;1m[rows:0][0m SELECT * FROM `file_upload_sessions` WHERE user_id = 6 AND `file_upload_sessions`.`deleted_at` IS NULL ORDER BY created_at DESC LIMIT 1000
[GIN] 2025/09/11 - 09:24:29 | 200 |    2.534245ms |       127.0.0.1 | GET      "/api/v1/upload/statistics"
2025/09/11 09:24:29 [DEBUG] 开始验证JWT令牌
2025/09/11 09:24:29 [DEBUG] 令牌字符串长度: 388
2025/09/11 09:24:29 [DEBUG] 令牌字符串前50个字符: eyJhbGciOiJIUzI1NiIsInR5cCI6IkpXVCJ9.eyJ1c2VyX2lkI...
2025/09/11 09:24:29 [DEBUG] JWT密钥长度: 27
2025/09/11 09:24:29 [DEBUG] JWT密钥内容: your-development-secret-key
2025/09/11 09:24:29 [DEBUG] 令牌头部: {"alg":"HS256","typ":"JWT"}
2025/09/11 09:24:29 [DEBUG] 令牌签名方法: HS256
2025/09/11 09:24:29 [DEBUG] 返回密钥进行验证，长度: 27
2025/09/11 09:24:29 [DEBUG] 令牌解析完成，有效性: true
2025/09/11 09:24:29 [DEBUG] 声明类型正确，用户ID: 6, 用户名: test_868972
2025/09/11 09:24:29 [DEBUG] 令牌有效，返回声明
[GIN] 2025/09/11 - 09:24:29 | 500 |     845.785µs |       127.0.0.1 | POST     "/api/v1/upload/initiate"
2025/09/11 09:24:29 [DEBUG] 开始验证JWT令牌
2025/09/11 09:24:29 [DEBUG] 令牌字符串长度: 388
2025/09/11 09:24:29 [DEBUG] 令牌字符串前50个字符: eyJhbGciOiJIUzI1NiIsInR5cCI6IkpXVCJ9.eyJ1c2VyX2lkI...
2025/09/11 09:24:29 [DEBUG] JWT密钥长度: 27
2025/09/11 09:24:29 [DEBUG] JWT密钥内容: your-development-secret-key
2025/09/11 09:24:29 [DEBUG] 令牌头部: {"alg":"HS256","typ":"JWT"}
2025/09/11 09:24:29 [DEBUG] 令牌签名方法: HS256
2025/09/11 09:24:29 [DEBUG] 返回密钥进行验证，长度: 27
2025/09/11 09:24:29 [DEBUG] 令牌解析完成，有效性: true
2025/09/11 09:24:29 [DEBUG] 声明类型正确，用户ID: 6, 用户名: test_868972
2025/09/11 09:24:29 [DEBUG] 令牌有效，返回声明

2025/09/11 09:24:29 [32m/mnt/d/暑期项目/HorizonCloudService-main/services/file-service/internal/repository/file_repository.go:164
[0m[33m[1.027ms] [34;1m[rows:1][0m SELECT count(*) FROM `file_files` WHERE user_id = 6 AND folder_id IS NULL AND status = 1 AND `file_files`.`deleted_at` IS NULL

2025/09/11 09:24:29 [32m/mnt/d/暑期项目/HorizonCloudService-main/services/file-service/internal/repository/file_repository.go:177
[0m[33m[0.737ms] [34;1m[rows:0][0m SELECT * FROM `file_files` WHERE user_id = 6 AND folder_id IS NULL AND status = 1 AND `file_files`.`deleted_at` IS NULL ORDER BY created_at DESC LIMIT 20
[GIN] 2025/09/11 - 09:24:29 | 200 |    2.958032ms |       127.0.0.1 | GET      "/api/v1/files"
